ZENOH_CONFIG_OVERRIDE_ROUTER=mode="router";listen/endpoints=["tcp/[::]:7447"];connect/endpoints=[];routing/router/peers_failover_brokering=true;transport/shared_memory/enabled=false
ZENOH_CONFIG_OVERRIDE_PEER=;transport/shared_memory/enabled=false
[INFO] [launch]: All log files can be found below /home/ashutokumar/.ros/log/2026-05-13-18-20-07-681811-NV-7WXCW94-10393
[INFO] [launch]: Default logging verbosity is set to INFO
Started Zenoh router with id 334aed0b5d18bcb03dd27bf8ee8770f4
[INFO] [robot_state_publisher-1]: process started with pid [10806]
[INFO] [aic_adapter-2]: process started with pid [10807]
[INFO] [component_container-3]: process started with pid [10808]
[INFO] [gz-4]: process started with pid [10809]
[INFO] [create-5]: process started with pid [10810]
[INFO] [aic_engine-6]: process started with pid [10811]
[aic_adapter-2] [INFO] [1778721608.729248539] [aic_adapter_node]: Adapter node initialization complete.
[robot_state_publisher-1] [INFO] [1778721608.739575245] [robot_state_publisher]: Robot initialized
[aic_engine-6] [INFO] [1778721608.746261251] [aic_engine]: Creating AIC Engine...
[aic_engine-6] [INFO] [1778721608.747220355] [aic_engine]: Scoring output directory set to: /home/ashutokumar/aic_results/cc15c_recovery_20260513_182000
[aic_engine-6] [INFO] [1778721608.748005338] [aic_engine]: [1;36m╔════════════════════════════════════════╗[0m
[aic_engine-6] [INFO] [1778721608.748066468] [aic_engine]: [1;36m║   Initializing AIC Engine...           ║[0m
[aic_engine-6] [INFO] [1778721608.748073348] [aic_engine]: [1;36m╚════════════════════════════════════════╝[0m
[aic_engine-6] [INFO] [1778721608.753017139] [aic_engine]: Successfully parsed trial 'trial_1'
[aic_engine-6] [INFO] [1778721608.753115285] [aic_engine]: Successfully parsed trial 'trial_2'
[aic_engine-6] [INFO] [1778721608.753144875] [aic_engine]: Successfully parsed trial 'trial_3'
[aic_engine-6] [INFO] [1778721608.753147619] [aic_engine]: Successfully parsed 3 trial(s)
[aic_engine-6] [INFO] [1778721608.753156584] [aic_engine]: Waiting for clock
[create-5] [INFO] [1778721608.794310299] [ros_gz_sim]: Requesting list of world names.
[component_container-3] [INFO] [1778721608.887981747] [ros_gz_container]: Load Library: /ws_aic/install/lib/libgzserver_component.so
[component_container-3] [INFO] [1778721608.997494522] [ros_gz_container]: Found class: rclcpp_components::NodeFactoryTemplate<ros_gz_sim::GzServer>
[component_container-3] [INFO] [1778721608.997624240] [ros_gz_container]: Instantiate class: rclcpp_components::NodeFactoryTemplate<ros_gz_sim::GzServer>
[INFO] [launch_ros.actions.load_composable_nodes]: Loaded node '/gz_server' in container '/ros_gz_container'
[component_container-3] [INFO] [1778721609.000265459] [ros_gz_container]: Load Library: /ws_aic/install/lib/libros_gz_bridge.so
[gz-4] QStandardPaths: wrong permissions on runtime directory /run/user/1000/, 0755 instead of 0700
[component_container-3] [INFO] [1778721609.093596508] [ros_gz_container]: Found class: rclcpp_components::NodeFactoryTemplate<ros_gz_bridge::RosGzBridge>
[component_container-3] [INFO] [1778721609.093685845] [ros_gz_container]: Instantiate class: rclcpp_components::NodeFactoryTemplate<ros_gz_bridge::RosGzBridge>
[INFO] [launch_ros.actions.load_composable_nodes]: Loaded node '/ros_gz_bridge' in container 'ros_gz_container'
[component_container-3] (2026-05-13 18:20:09.129) [info] [ServerPrivate.cc:664] Loading SDF world file[/ws_aic/install/share/aic_description/world/aic.sdf].
[component_container-3] [INFO] [1778721610.098961455] [ros_gz_bridge]: Creating GZ->ROS Bridge: [/clock (gz.msgs.Clock) -> /clock (rosgraph_msgs/msg/Clock)] (Lazy 0)
[component_container-3] [INFO] [1778721610.100772102] [ros_gz_bridge]: Creating GZ->ROS Bridge: [/left_camera/image (gz.msgs.Image) -> /left_camera/image (sensor_msgs/msg/Image)] (Lazy 1)
[component_container-3] [INFO] [1778721610.104379956] [ros_gz_bridge]: Creating GZ->ROS Bridge: [/center_camera/image (gz.msgs.Image) -> /center_camera/image (sensor_msgs/msg/Image)] (Lazy 1)
[component_container-3] [INFO] [1778721610.104732142] [ros_gz_bridge]: Creating GZ->ROS Bridge: [/right_camera/image (gz.msgs.Image) -> /right_camera/image (sensor_msgs/msg/Image)] (Lazy 1)
[component_container-3] [INFO] [1778721610.104906163] [ros_gz_bridge]: Creating GZ->ROS Bridge: [/left_camera/camera_info (gz.msgs.CameraInfo) -> /left_camera/camera_info (sensor_msgs/msg/CameraInfo)] (Lazy 1)
[component_container-3] [INFO] [1778721610.105744034] [ros_gz_bridge]: Creating GZ->ROS Bridge: [/center_camera/camera_info (gz.msgs.CameraInfo) -> /center_camera/camera_info (sensor_msgs/msg/CameraInfo)] (Lazy 1)
[component_container-3] [INFO] [1778721610.106476384] [ros_gz_bridge]: Creating GZ->ROS Bridge: [/right_camera/camera_info (gz.msgs.CameraInfo) -> /right_camera/camera_info (sensor_msgs/msg/CameraInfo)] (Lazy 1)
[component_container-3] [INFO] [1778721610.107169812] [ros_gz_bridge]: Creating GZ->ROS Bridge: [/aic/gazebo/contacts/off_limit (gz.msgs.Contacts) -> /aic/gazebo/contacts/off_limit (ros_gz_interfaces/msg/Contacts)] (Lazy 1)
[component_container-3] [INFO] [1778721610.110971072] [ros_gz_bridge]: Creating GZ->ROS Bridge: [/cable_0/pose (gz.msgs.Pose_V) -> /scoring/tf (tf2_msgs/msg/TFMessage)] (Lazy 1)
[component_container-3] [INFO] [1778721610.113553215] [ros_gz_bridge]: Creating GZ->ROS Bridge: [/cable_1/pose (gz.msgs.Pose_V) -> /scoring/tf (tf2_msgs/msg/TFMessage)] (Lazy 1)
[component_container-3] [INFO] [1778721610.115835525] [ros_gz_bridge]: Creating GZ->ROS Bridge: [/cable_2/pose (gz.msgs.Pose_V) -> /scoring/tf (tf2_msgs/msg/TFMessage)] (Lazy 1)
[component_container-3] [INFO] [1778721610.116073724] [ros_gz_bridge]: Creating GZ->ROS Bridge: [/cable_3/pose (gz.msgs.Pose_V) -> /scoring/tf (tf2_msgs/msg/TFMessage)] (Lazy 1)
[component_container-3] [INFO] [1778721610.116234031] [ros_gz_bridge]: Creating GZ->ROS Bridge: [/cable_4/pose (gz.msgs.Pose_V) -> /scoring/tf (tf2_msgs/msg/TFMessage)] (Lazy 1)
[component_container-3] [INFO] [1778721610.116378112] [ros_gz_bridge]: Creating GZ->ROS Bridge: [/task_board/pose_static (gz.msgs.Pose_V) -> /scoring/tf (tf2_msgs/msg/TFMessage)] (Lazy 1)
[component_container-3] [INFO] [1778721610.116521640] [ros_gz_bridge]: Creating GZ->ROS Bridge: [/cable_0/insertion_event (gz.msgs.StringMsg) -> /scoring/insertion_event (std_msgs/msg/String)] (Lazy 1)
[component_container-3] [INFO] [1778721610.117943508] [ros_gz_bridge]: Creating GZ->ROS Bridge: [/cable_1/insertion_event (gz.msgs.StringMsg) -> /scoring/insertion_event (std_msgs/msg/String)] (Lazy 1)
[component_container-3] (2026-05-13 18:20:11.098) [info] [SystemManager.cc:54] Serving entity system service on [/entity/system/add]
[component_container-3] (2026-05-13 18:20:11.107) [info] [UserCommands.cc:752] Create service on [/world/aic_world/create_multiple] (async)
[component_container-3] (2026-05-13 18:20:11.107) [info] [UserCommands.cc:754] Create service on [/world/aic_world/create_multiple/blocking] (blocking)
[component_container-3] (2026-05-13 18:20:11.107) [info] [UserCommands.cc:752] Remove service on [/world/aic_world/remove] (async)
[component_container-3] (2026-05-13 18:20:11.107) [info] [UserCommands.cc:754] Remove service on [/world/aic_world/remove/blocking] (blocking)
[component_container-3] (2026-05-13 18:20:11.107) [info] [UserCommands.cc:752] Pose service on [/world/aic_world/set_pose] (async)
[component_container-3] (2026-05-13 18:20:11.107) [info] [UserCommands.cc:754] Pose service on [/world/aic_world/set_pose/blocking] (blocking)
[component_container-3] (2026-05-13 18:20:11.107) [info] [UserCommands.cc:752] Pose service on [/world/aic_world/set_pose_vector] (async)
[component_container-3] (2026-05-13 18:20:11.107) [info] [UserCommands.cc:754] Pose service on [/world/aic_world/set_pose_vector/blocking] (blocking)
[component_container-3] (2026-05-13 18:20:11.108) [info] [UserCommands.cc:752] Light configuration service on [/world/aic_world/light_config] (async)
[component_container-3] (2026-05-13 18:20:11.108) [info] [UserCommands.cc:754] Light configuration service on [/world/aic_world/light_config/blocking] (blocking)
[component_container-3] (2026-05-13 18:20:11.108) [info] [UserCommands.cc:752] Physics service on [/world/aic_world/set_physics] (async)
[component_container-3] (2026-05-13 18:20:11.108) [info] [UserCommands.cc:754] Physics service on [/world/aic_world/set_physics/blocking] (blocking)
[component_container-3] (2026-05-13 18:20:11.108) [info] [UserCommands.cc:752] SphericalCoordinates service on [/world/aic_world/set_spherical_coordinates] (async)
[component_container-3] (2026-05-13 18:20:11.108) [info] [UserCommands.cc:754] SphericalCoordinates service on [/world/aic_world/set_spherical_coordinates/blocking] (blocking)
[component_container-3] (2026-05-13 18:20:11.108) [info] [UserCommands.cc:752] Enable collision service on [/world/aic_world/enable_collision] (async)
[component_container-3] (2026-05-13 18:20:11.108) [info] [UserCommands.cc:754] Enable collision service on [/world/aic_world/enable_collision/blocking] (blocking)
[component_container-3] (2026-05-13 18:20:11.108) [info] [UserCommands.cc:752] Disable collision service on [/world/aic_world/disable_collision] (async)
[component_container-3] (2026-05-13 18:20:11.108) [info] [UserCommands.cc:754] Disable collision service on [/world/aic_world/disable_collision/blocking] (blocking)
[component_container-3] (2026-05-13 18:20:11.109) [info] [UserCommands.cc:752] Material service on [/world/aic_world/visual_config] (async)
[component_container-3] (2026-05-13 18:20:11.109) [info] [UserCommands.cc:754] Material service on [/world/aic_world/visual_config/blocking] (blocking)
[component_container-3] (2026-05-13 18:20:11.109) [info] [UserCommands.cc:752] Material service on [/world/aic_world/wheel_slip] (async)
[component_container-3] (2026-05-13 18:20:11.109) [info] [UserCommands.cc:754] Material service on [/world/aic_world/wheel_slip/blocking] (blocking)
[component_container-3] (2026-05-13 18:20:11.109) [debug] [SystemManager.cc:80] Loaded system [gz::sim::systems::UserCommands] for entity [1]
[component_container-3] (2026-05-13 18:20:11.232) [debug] [Physics.cc:967] Loaded [gz::physics::bullet_featherstone::Plugin] from library [/ws_aic/install/lib/gz-physics-8/engine-plugins/libgz-physics-bullet-featherstone-plugin.so]
[component_container-3] (2026-05-13 18:20:11.232) [debug] [SystemManager.cc:80] Loaded system [gz::sim::systems::Physics] for entity [1]
[component_container-3] (2026-05-13 18:20:11.252) [debug] [Sensors.cc:697] Configuring Sensors system
[component_container-3] (2026-05-13 18:20:11.252) [debug] [Sensors.cc:557] SensorsPrivate::Run
[component_container-3] (2026-05-13 18:20:11.252) [debug] [SystemManager.cc:80] Loaded system [gz::sim::systems::Sensors] for entity [1]
[component_container-3] (2026-05-13 18:20:11.252) [debug] [Sensors.cc:532] SensorsPrivate::RenderThread started
[component_container-3] (2026-05-13 18:20:11.252) [debug] [Sensors.cc:337] Waiting for init
[component_container-3] (2026-05-13 18:20:11.254) [debug] [ScoringPlugin.cc:45] aic_gazebo::ScoringPlugin::Configure on entity: 1
[component_container-3] (2026-05-13 18:20:11.254) [debug] [SystemManager.cc:80] Loaded system [aic_gazebo::ScoringPlugin] for entity [1]
[component_container-3] (2026-05-13 18:20:11.257) [debug] [WorldSdfGeneratorPlugin.cc:47] aic_gazebo::WorldSdfGeneratorPlugin::Configure
[component_container-3] (2026-05-13 18:20:11.257) [debug] [SystemManager.cc:80] Loaded system [aic_gazebo::WorldSdfGeneratorPlugin] for entity [1]
[component_container-3] (2026-05-13 18:20:11.258) [debug] [SystemManager.cc:80] Loaded system [gz::sim::systems::Contact] for entity [1]
[component_container-3] (2026-05-13 18:20:11.259) [info] [LevelManager.cc:646] Loaded level [default]
[component_container-3] (2026-05-13 18:20:11.259) [debug] [ServerConfig.cc:1025] Loading (3) plugins from file [/home/ashutokumar/.gz/sim/9/server.config]
[component_container-3] (2026-05-13 18:20:11.259) [debug] [SimulationRunner.cc:1696] Additional plugins to load:
[component_container-3] (2026-05-13 18:20:11.259) [debug] [SimulationRunner.cc:1699] gz::sim::systems::SceneBroadcaster gz-sim-scene-broadcaster-system
[component_container-3] (2026-05-13 18:20:11.261) [debug] [SystemManager.cc:80] Loaded system [gz::sim::systems::SceneBroadcaster] for entity [1]
[component_container-3] (2026-05-13 18:20:11.262) [info] [SimulationRunner.cc:275] Serving world controls on [/world/aic_world/control], [/world/aic_world/control/state] and [/world/aic_world/playback/control]
[component_container-3] (2026-05-13 18:20:11.262) [info] [SimulationRunner.cc:301] Serving GUI information on [/world/aic_world/gui/info]
[component_container-3] (2026-05-13 18:20:11.262) [info] [SimulationRunner.cc:304] World [aic_world] initialized with [2ms] physics profile.
[component_container-3] (2026-05-13 18:20:11.262) [info] [SimulationRunner.cc:311] Serving world SDF generation service on [/world/aic_world/generate_world_sdf]
[component_container-3] (2026-05-13 18:20:11.263) [info] [ServerPrivate.cc:344] Serving world names on [/gazebo/worlds]
[component_container-3] (2026-05-13 18:20:11.263) [info] [ServerPrivate.cc:357] Resource path add service on [/gazebo/resource_paths/add].
[component_container-3] (2026-05-13 18:20:11.263) [info] [ServerPrivate.cc:370] Resource path get service on [/gazebo/resource_paths/get].
[component_container-3] (2026-05-13 18:20:11.468) [info] [ServerPrivate.cc:385] Resource path resolve service on [/gazebo/resource_paths/resolve].
[component_container-3] (2026-05-13 18:20:11.468) [info] [ServerPrivate.cc:399] Resource paths published on [/gazebo/resource_paths].
[component_container-3] (2026-05-13 18:20:11.468) [info] [ServerPrivate.cc:412] Server control service on [/server_control].
[component_container-3] (2026-05-13 18:20:11.468) [info] [SimulationRunner.cc:769] Found no publishers on /stats, adding root stats topic
[component_container-3] (2026-05-13 18:20:11.469) [info] [SimulationRunner.cc:803] Found no publishers on /clock, adding root clock topic
[create-5] [INFO] [1778721611.469556398] [ros_gz_sim]: Entity creation successful.
[component_container-3] (2026-05-13 18:20:11.469) [debug] [SimulationRunner.cc:573] Creating PostUpdate worker threads: 5
[component_container-3] (2026-05-13 18:20:11.469) [debug] [SimulationRunner.cc:584] Creating postupdate worker thread (0)
[component_container-3] (2026-05-13 18:20:11.469) [debug] [SimulationRunner.cc:584] Creating postupdate worker thread (1)
[component_container-3] (2026-05-13 18:20:11.470) [debug] [SimulationRunner.cc:584] Creating postupdate worker thread (2)
[component_container-3] (2026-05-13 18:20:11.470) [debug] [SimulationRunner.cc:584] Creating postupdate worker thread (3)
[INFO] [create-5]: process has finished cleanly [pid 10810]
[INFO] [spawner-7]: process started with pid [10989]
[INFO] [spawner-8]: process started with pid [10990]
[component_container-3] [1;33mWarning [Utils.cc:119][0m [/sdf/model[@name="ur"]/link[@name="center_camera/sensor_link"]/sensor[@name="center_camera"]/camera[@name="center_camera"]/optical_frame_id]: SDF Element[optical_frame_id] is deprecated
[component_container-3] [1;33mWarning [Utils.cc:119][0m [/sdf/model[@name="ur"]/link[@name="left_camera/sensor_link"]/sensor[@name="left_camera"]/camera[@name="left_camera"]/optical_frame_id]: SDF Element[optical_frame_id] is deprecated
[component_container-3] [1;33mWarning [Utils.cc:119][0m [/sdf/model[@name="ur"]/link[@name="right_camera/sensor_link"]/sensor[@name="right_camera"]/camera[@name="right_camera"]/optical_frame_id]: SDF Element[optical_frame_id] is deprecated
[component_container-3] [WARN] [1778721611.710174099] [rcl.logging_rosout]: Publisher already registered for node name: 'ros_gz_container'. If this is due to multiple nodes with the same name then all logs for the logger named 'ros_gz_container' will go out over the existing publisher. As soon as any node with that name is destructed it will unregister the publisher, preventing any further logs for that name from being published on the rosout topic.
[component_container-3] [INFO] [1778721611.712328025] [ros_gz_container]: [gz_ros2_control] Fixed joint [tabletop_joint] (Entity=101)] is skipped
[component_container-3] [INFO] [1778721611.712408452] [ros_gz_container]: [gz_ros2_control] Fixed joint [center_camera/attach_sensor_link] (Entity=108)] is skipped
[component_container-3] [INFO] [1778721611.712470452] [ros_gz_container]: [gz_ros2_control] Fixed joint [center_camera/attach_optical] (Entity=109)] is skipped
[component_container-3] [INFO] [1778721611.712543194] [ros_gz_container]: [gz_ros2_control] Fixed joint [ati/attach_joint] (Entity=110)] is skipped
[component_container-3] [INFO] [1778721611.712556000] [ros_gz_container]: [gz_ros2_control] Fixed joint [left_camera/attach_sensor_link] (Entity=114)] is skipped
[component_container-3] [INFO] [1778721611.712561534] [ros_gz_container]: [gz_ros2_control] Fixed joint [left_camera/attach_optical] (Entity=115)] is skipped
[component_container-3] [INFO] [1778721611.712566113] [ros_gz_container]: [gz_ros2_control] Fixed joint [right_camera/attach_sensor_link] (Entity=116)] is skipped
[component_container-3] [INFO] [1778721611.712570586] [ros_gz_container]: [gz_ros2_control] Fixed joint [right_camera/attach_optical] (Entity=117)] is skipped
[component_container-3] [INFO] [1778721611.720061008] [ros_gz_container]: Loading controller_manager
[component_container-3] [INFO] [1778721611.746433035] [controller_manager]: Using ROS clock for triggering controller manager cycles.
[component_container-3] [INFO] [1778721611.754758248] [controller_manager]: Subscribing to '/robot_description' topic for robot description.
[component_container-3] [INFO] [1778721611.761211739] [controller_manager]: Enforcing command limits is enabled...
[component_container-3] [WARN] [1778721611.761300553] [ros_gz_container]: Waiting RM to load and initialize hardware...
[component_container-3] [INFO] [1778721611.761838610] [controller_manager]: Received robot description from topic.
[component_container-3] [INFO] [1778721611.770731111] [ros_gz_container]: Using JointLimiter for joint 'gripper/left_finger_joint' in hardware 'gripper' : '  has position limits: true [0, 0.025]
[component_container-3]   has velocity limits: true [0.05]
[component_container-3]   has acceleration limits: false [nan]
[component_container-3]   has deceleration limits: false [nan]
[component_container-3]   has jerk limits: false [nan]
[component_container-3]   has effort limits: true [20]
[component_container-3]   angle wraparound: false'
[component_container-3] [INFO] [1778721611.770814603] [ros_gz_container]: Creating JointSaturationLimiter for joint 'gripper/left_finger_joint' in hardware 'gripper'
[component_container-3] [INFO] [1778721611.770842888] [ros_gz_container]: Using JointLimiter for joint 'wrist_3_joint' in hardware 'ControlSystem' : '  has position limits: true [-6.28319, 6.28319]
[component_container-3]   has velocity limits: true [3.14159]
[component_container-3]   has acceleration limits: false [nan]
[component_container-3]   has deceleration limits: false [nan]
[component_container-3]   has jerk limits: false [nan]
[component_container-3]   has effort limits: true [28]
[component_container-3]   angle wraparound: false'
[component_container-3] [INFO] [1778721611.770846827] [ros_gz_container]: Creating JointSaturationLimiter for joint 'wrist_3_joint' in hardware 'ControlSystem'
[component_container-3] [INFO] [1778721611.770852442] [ros_gz_container]: Using JointLimiter for joint 'wrist_2_joint' in hardware 'ControlSystem' : '  has position limits: true [-6.28319, 6.28319]
[component_container-3]   has velocity limits: true [3.14159]
[component_container-3]   has acceleration limits: false [nan]
[component_container-3]   has deceleration limits: false [nan]
[component_container-3]   has jerk limits: false [nan]
[component_container-3]   has effort limits: true [28]
[component_container-3]   angle wraparound: false'
[component_container-3] [INFO] [1778721611.770856043] [ros_gz_container]: Creating JointSaturationLimiter for joint 'wrist_2_joint' in hardware 'ControlSystem'
[component_container-3] [INFO] [1778721611.770860885] [ros_gz_container]: Using JointLimiter for joint 'wrist_1_joint' in hardware 'ControlSystem' : '  has position limits: true [-6.28319, 6.28319]
[component_container-3]   has velocity limits: true [3.14159]
[component_container-3]   has acceleration limits: false [nan]
[component_container-3]   has deceleration limits: false [nan]
[component_container-3]   has jerk limits: false [nan]
[component_container-3]   has effort limits: true [28]
[component_container-3]   angle wraparound: false'
[component_container-3] [INFO] [1778721611.770864164] [ros_gz_container]: Creating JointSaturationLimiter for joint 'wrist_1_joint' in hardware 'ControlSystem'
[component_container-3] [INFO] [1778721611.770869151] [ros_gz_container]: Using JointLimiter for joint 'elbow_joint' in hardware 'ControlSystem' : '  has position limits: true [-3.14159, 3.14159]
[component_container-3]   has velocity limits: true [3.14159]
[component_container-3]   has acceleration limits: false [nan]
[component_container-3]   has deceleration limits: false [nan]
[component_container-3]   has jerk limits: false [nan]
[component_container-3]   has effort limits: true [150]
[component_container-3]   angle wraparound: false'
[component_container-3] [INFO] [1778721611.770872323] [ros_gz_container]: Creating JointSaturationLimiter for joint 'elbow_joint' in hardware 'ControlSystem'
[component_container-3] [INFO] [1778721611.770877792] [ros_gz_container]: Using JointLimiter for joint 'shoulder_lift_joint' in hardware 'ControlSystem' : '  has position limits: true [-6.28319, 6.28319]
[component_container-3]   has velocity limits: true [3.14159]
[component_container-3]   has acceleration limits: false [nan]
[component_container-3]   has deceleration limits: false [nan]
[component_container-3]   has jerk limits: false [nan]
[component_container-3]   has effort limits: true [150]
[component_container-3]   angle wraparound: false'
[component_container-3] [INFO] [1778721611.770917331] [ros_gz_container]: Creating JointSaturationLimiter for joint 'shoulder_lift_joint' in hardware 'ControlSystem'
[component_container-3] [INFO] [1778721611.770929502] [ros_gz_container]: Using JointLimiter for joint 'shoulder_pan_joint' in hardware 'ControlSystem' : '  has position limits: true [-6.28319, 6.28319]
[component_container-3]   has velocity limits: true [3.14159]
[component_container-3]   has acceleration limits: false [nan]
[component_container-3]   has deceleration limits: false [nan]
[component_container-3]   has jerk limits: false [nan]
[component_container-3]   has effort limits: true [150]
[component_container-3]   angle wraparound: false'
[component_container-3] [INFO] [1778721611.770934187] [ros_gz_container]: Creating JointSaturationLimiter for joint 'shoulder_pan_joint' in hardware 'ControlSystem'
[component_container-3] [INFO] [1778721611.776379011] [ros_gz_container]: The position_proportional_gain has been set to: 0.1
[component_container-3] [INFO] [1778721611.776487632] [ros_gz_container]: Loading joint: gripper/left_finger_joint
[component_container-3] [INFO] [1778721611.776492850] [ros_gz_container]: 	State:
[component_container-3] [INFO] [1778721611.776507413] [ros_gz_container]: 		 position
[component_container-3] [INFO] [1778721611.776523092] [ros_gz_container]: 			 found initial value: 0.007300
[component_container-3] [INFO] [1778721611.776527559] [ros_gz_container]: 		 velocity
[component_container-3] [INFO] [1778721611.776534437] [ros_gz_container]: 			 found initial value: 0.000000
[component_container-3] [INFO] [1778721611.776537936] [ros_gz_container]: 		 effort
[component_container-3] [INFO] [1778721611.776541739] [ros_gz_container]: 			 found initial value: 0.000000
[component_container-3] [INFO] [1778721611.776544341] [ros_gz_container]: 	Command:
[component_container-3] [INFO] [1778721611.776546816] [ros_gz_container]: 		 position
[component_container-3] [INFO] [1778721611.776555685] [ros_gz_container]: 		 effort
[component_container-3] [INFO] [1778721611.776648731] [ros_gz_container]: Loading sensor: AtiForceTorqueSensor
[component_container-3] [INFO] [1778721611.776693999] [ros_gz_container]: 	State:
[component_container-3] [INFO] [1778721611.776785953] [ros_gz_container]: Initialize hardware 'gripper' 
[component_container-3] [WARN] [1778721611.776964195] [rcl.logging_rosout]: Publisher already registered for node name: 'ros_gz_container'. If this is due to multiple nodes with the same name then all logs for the logger named 'ros_gz_container' will go out over the existing publisher. As soon as any node with that name is destructed it will unregister the publisher, preventing any further logs for that name from being published on the rosout topic.
[component_container-3] [INFO] [1778721611.778042270] [ros_gz_container.hardware_component.system.gripper]: `status_publish_rate` is set to 0.0, hardware status publisher will not be created.
[component_container-3] [INFO] [1778721611.778152148] [ros_gz_container]: Successful initialization of hardware 'gripper'
[component_container-3] [INFO] [1778721611.778317696] [ros_gz_container]: The position_proportional_gain has been set to: 0.1
[component_container-3] [INFO] [1778721611.778355269] [ros_gz_container]: Loading joint: shoulder_pan_joint
[component_container-3] [INFO] [1778721611.778361276] [ros_gz_container]: 	State:
[component_container-3] [INFO] [1778721611.778365680] [ros_gz_container]: 		 position
[component_container-3] [INFO] [1778721611.778378384] [ros_gz_container]: 			 found initial value: -0.159700
[component_container-3] [INFO] [1778721611.778384619] [ros_gz_container]: 		 velocity
[component_container-3] [INFO] [1778721611.778390688] [ros_gz_container]: 			 found initial value: 0.000000
[component_container-3] [INFO] [1778721611.778394239] [ros_gz_container]: 		 effort
[component_container-3] [INFO] [1778721611.778397989] [ros_gz_container]: 			 found initial value: 0.000000
[component_container-3] [INFO] [1778721611.778401932] [ros_gz_container]: 	Command:
[component_container-3] [INFO] [1778721611.778404927] [ros_gz_container]: 		 position
[component_container-3] [INFO] [1778721611.778415200] [ros_gz_container]: 		 velocity
[component_container-3] [INFO] [1778721611.778421404] [ros_gz_container]: 		 effort
[component_container-3] [INFO] [1778721611.778432766] [ros_gz_container]: Loading joint: shoulder_lift_joint
[component_container-3] [INFO] [1778721611.778436854] [ros_gz_container]: 	State:
[component_container-3] [INFO] [1778721611.778440682] [ros_gz_container]: 		 position
[component_container-3] [INFO] [1778721611.778446861] [ros_gz_container]: 			 found initial value: -1.354200
[component_container-3] [INFO] [1778721611.778451482] [ros_gz_container]: 		 velocity
[component_container-3] [INFO] [1778721611.778462626] [ros_gz_container]: 			 found initial value: 0.000000
[component_container-3] [INFO] [1778721611.778470258] [ros_gz_container]: 		 effort
[component_container-3] [INFO] [1778721611.778523503] [ros_gz_container]: 			 found initial value: 0.000000
[component_container-3] [INFO] [1778721611.778551277] [ros_gz_container]: 	Command:
[component_container-3] [INFO] [1778721611.778558608] [ros_gz_container]: 		 position
[component_container-3] [INFO] [1778721611.778571478] [ros_gz_container]: 		 velocity
[component_container-3] [INFO] [1778721611.778578345] [ros_gz_container]: 		 effort
[component_container-3] [INFO] [1778721611.778587460] [ros_gz_container]: Loading joint: elbow_joint
[component_container-3] [INFO] [1778721611.778592660] [ros_gz_container]: 	State:
[component_container-3] [INFO] [1778721611.778597384] [ros_gz_container]: 		 position
[component_container-3] [INFO] [1778721611.778602801] [ros_gz_container]: 			 found initial value: -1.664800
[component_container-3] [INFO] [1778721611.778606351] [ros_gz_container]: 		 velocity
[component_container-3] [INFO] [1778721611.778609100] [ros_gz_container]: 			 found initial value: 0.000000
[component_container-3] [INFO] [1778721611.778611975] [ros_gz_container]: 		 effort
[component_container-3] [INFO] [1778721611.778615765] [ros_gz_container]: 			 found initial value: 0.000000
[component_container-3] [INFO] [1778721611.778618700] [ros_gz_container]: 	Command:
[component_container-3] [INFO] [1778721611.778621432] [ros_gz_container]: 		 position
[component_container-3] [INFO] [1778721611.778625718] [ros_gz_container]: 		 velocity
[component_container-3] [INFO] [1778721611.778629182] [ros_gz_container]: 		 effort
[component_container-3] [INFO] [1778721611.778640013] [ros_gz_container]: Loading joint: wrist_1_joint
[component_container-3] [INFO] [1778721611.778644291] [ros_gz_container]: 	State:
[component_container-3] [INFO] [1778721611.778648220] [ros_gz_container]: 		 position
[component_container-3] [INFO] [1778721611.778652730] [ros_gz_container]: 			 found initial value: -1.693300
[component_container-3] [INFO] [1778721611.778657088] [ros_gz_container]: 		 velocity
[component_container-3] [INFO] [1778721611.778660955] [ros_gz_container]: 			 found initial value: 0.000000
[component_container-3] [INFO] [1778721611.778663789] [ros_gz_container]: 		 effort
[component_container-3] [INFO] [1778721611.778666278] [ros_gz_container]: 			 found initial value: 0.000000
[component_container-3] [INFO] [1778721611.778668904] [ros_gz_container]: 	Command:
[component_container-3] [INFO] [1778721611.778671433] [ros_gz_container]: 		 position
[component_container-3] [INFO] [1778721611.778675914] [ros_gz_container]: 		 velocity
[component_container-3] [INFO] [1778721611.778680397] [ros_gz_container]: 		 effort
[component_container-3] [INFO] [1778721611.778688270] [ros_gz_container]: Loading joint: wrist_2_joint
[component_container-3] [INFO] [1778721611.778692257] [ros_gz_container]: 	State:
[component_container-3] [INFO] [1778721611.778695669] [ros_gz_container]: 		 position
[component_container-3] [INFO] [1778721611.778700248] [ros_gz_container]: 			 found initial value: 1.571000
[component_container-3] [INFO] [1778721611.778745747] [ros_gz_container]: 		 velocity
[component_container-3] [INFO] [1778721611.778753815] [ros_gz_container]: 			 found initial value: 0.000000
[component_container-3] [INFO] [1778721611.778758041] [ros_gz_container]: 		 effort
[component_container-3] [INFO] [1778721611.778761156] [ros_gz_container]: 			 found initial value: 0.000000
[component_container-3] [INFO] [1778721611.778764163] [ros_gz_container]: 	Command:
[component_container-3] [INFO] [1778721611.778766620] [ros_gz_container]: 		 position
[component_container-3] [INFO] [1778721611.778771875] [ros_gz_container]: 		 velocity
[component_container-3] [INFO] [1778721611.778775298] [ros_gz_container]: 		 effort
[component_container-3] [INFO] [1778721611.778782637] [ros_gz_container]: Loading joint: wrist_3_joint
[component_container-3] [INFO] [1778721611.778787524] [ros_gz_container]: 	State:
[component_container-3] [INFO] [1778721611.778791578] [ros_gz_container]: 		 position
[component_container-3] [INFO] [1778721611.778796620] [ros_gz_container]: 			 found initial value: 1.411000
[component_container-3] [INFO] [1778721611.778799773] [ros_gz_container]: 		 velocity
[component_container-3] [INFO] [1778721611.778804178] [ros_gz_container]: 			 found initial value: 0.000000
[component_container-3] [INFO] [1778721611.778807239] [ros_gz_container]: 		 effort
[component_container-3] [INFO] [1778721611.778809765] [ros_gz_container]: 			 found initial value: 0.000000
[component_container-3] [INFO] [1778721611.778812403] [ros_gz_container]: 	Command:
[component_container-3] [INFO] [1778721611.778814997] [ros_gz_container]: 		 position
[component_container-3] [INFO] [1778721611.778818878] [ros_gz_container]: 		 velocity
[component_container-3] [INFO] [1778721611.778823540] [ros_gz_container]: 		 effort
[component_container-3] [INFO] [1778721611.778842025] [ros_gz_container]: Loading sensor: AtiForceTorqueSensor
[component_container-3] [INFO] [1778721611.778845534] [ros_gz_container]: 	State:
[component_container-3] [INFO] [1778721611.778851398] [ros_gz_container]: 		 force.x
[component_container-3] [INFO] [1778721611.778854365] [ros_gz_container]: 		 force.y
[component_container-3] [INFO] [1778721611.778856868] [ros_gz_container]: 		 force.z
[component_container-3] [INFO] [1778721611.778859272] [ros_gz_container]: 		 torque.x
[component_container-3] [INFO] [1778721611.778861650] [ros_gz_container]: 		 torque.y
[component_container-3] [INFO] [1778721611.778892371] [ros_gz_container]: 		 torque.z
[component_container-3] [INFO] [1778721611.778982678] [ros_gz_container]: Initialize hardware 'ControlSystem' 
[component_container-3] [WARN] [1778721611.779356574] [rcl.logging_rosout]: Publisher already registered for node name: 'ros_gz_container'. If this is due to multiple nodes with the same name then all logs for the logger named 'ros_gz_container' will go out over the existing publisher. As soon as any node with that name is destructed it will unregister the publisher, preventing any further logs for that name from being published on the rosout topic.
[component_container-3] [INFO] [1778721611.781808189] [ros_gz_container.hardware_component.system.ControlSystem]: `status_publish_rate` is set to 0.0, hardware status publisher will not be created.
[component_container-3] [INFO] [1778721611.782201081] [ros_gz_container]: Successful initialization of hardware 'ControlSystem'
[component_container-3] [INFO] [1778721611.783073309] [resource_manager]: 'configure' hardware 'ControlSystem' 
[component_container-3] [INFO] [1778721611.783135545] [ros_gz_container]: System Successfully configured!
[component_container-3] [INFO] [1778721611.783164531] [resource_manager]: Successful 'configure' of hardware 'ControlSystem'
[component_container-3] [INFO] [1778721611.783192610] [resource_manager]: 'activate' hardware 'ControlSystem' 
[component_container-3] [INFO] [1778721611.783267593] [resource_manager]: Successful 'activate' of hardware 'ControlSystem'
[component_container-3] [INFO] [1778721611.783693457] [resource_manager]: 'configure' hardware 'gripper' 
[component_container-3] [INFO] [1778721611.783745630] [ros_gz_container]: System Successfully configured!
[component_container-3] [INFO] [1778721611.783767939] [resource_manager]: Successful 'configure' of hardware 'gripper'
[component_container-3] [INFO] [1778721611.783777205] [resource_manager]: 'activate' hardware 'gripper' 
[component_container-3] [INFO] [1778721611.783784186] [resource_manager]: Successful 'activate' of hardware 'gripper'
[component_container-3] [WARN] [1778721611.783839968] [controller_manager]: Component 'ControlSystem' does not have read or write statistics initialized, skipping registration.
[component_container-3] [WARN] [1778721611.783871501] [controller_manager]: Component 'gripper' does not have read or write statistics initialized, skipping registration.
[component_container-3] [INFO] [1778721611.783892893] [controller_manager]: Resource Manager has been successfully initialized. Starting Controller Manager services...
[component_container-3] [INFO] [1778721611.863019216] [controller_manager]: Loading controller : 'fts_broadcaster' of type 'force_torque_sensor_broadcaster/ForceTorqueSensorBroadcaster'
[component_container-3] [INFO] [1778721611.863085519] [controller_manager]: Loading controller 'fts_broadcaster'
[component_container-3] [INFO] [1778721611.866699775] [controller_manager]: Controller 'fts_broadcaster' node arguments: --ros-args --params-file /ws_aic/install/share/aic_bringup/config/aic_ros2_controllers.yaml -p use_sim_time:=true --param use_sim_time:=true 
[spawner-8] [INFO] [1778721611.888532654] [spawner_fts_broadcaster]: Loaded fts_broadcaster
[component_container-3] [INFO] [1778721611.890133112] [controller_manager]: Configuring controller: 'fts_broadcaster'
[component_container-3] [INFO] [1778721611.895413481] [fts_broadcaster]: configure successful
[component_container-3] [INFO] [1778721611.897426987] [controller_manager]: Activating controllers: [ fts_broadcaster ]
[component_container-3] [INFO] [1778721611.897688047] [controller_manager]: Requested controller switch from non-realtime loop
[component_container-3] [INFO] [1778721611.898129918] [controller_manager]: Successfully switched controllers!
[component_container-3] (2026-05-13 18:20:13.762) [debug] [SystemManager.cc:80] Loaded system [gz_ros2_control::GazeboSimROS2ControlPlugin] for entity [31]
[component_container-3] (2026-05-13 18:20:13.771) [debug] [SystemManager.cc:80] Loaded system [gz::sim::systems::ForceTorque] for entity [31]
[component_container-3] (2026-05-13 18:20:13.773) [debug] [OffLimitContactsPlugin.cc:41] aic_gazebo::OffLimitContactsPlugin::Configure on entity: 31
[component_container-3] (2026-05-13 18:20:13.774) [debug] [OffLimitContactsPlugin.cc:165] Enabled collision [34]
[component_container-3] (2026-05-13 18:20:13.774) [debug] [OffLimitContactsPlugin.cc:165] Enabled collision [37]
[component_container-3] (2026-05-13 18:20:13.774) [debug] [OffLimitContactsPlugin.cc:165] Enabled collision [40]
[component_container-3] (2026-05-13 18:20:13.774) [debug] [OffLimitContactsPlugin.cc:165] Enabled collision [43]
[component_container-3] (2026-05-13 18:20:13.774) [debug] [OffLimitContactsPlugin.cc:165] Enabled collision [46]
[component_container-3] (2026-05-13 18:20:13.774) [debug] [OffLimitContactsPlugin.cc:165] Enabled collision [49]
[component_container-3] (2026-05-13 18:20:13.774) [debug] [OffLimitContactsPlugin.cc:165] Enabled collision [57]
[component_container-3] (2026-05-13 18:20:13.774) [debug] [OffLimitContactsPlugin.cc:165] Enabled collision [58]
[component_container-3] (2026-05-13 18:20:13.774) [debug] [OffLimitContactsPlugin.cc:165] Enabled collision [59]
[component_container-3] (2026-05-13 18:20:13.774) [debug] [OffLimitContactsPlugin.cc:165] Enabled collision [60]
[component_container-3] (2026-05-13 18:20:13.774) [debug] [OffLimitContactsPlugin.cc:165] Enabled collision [61]
[component_container-3] (2026-05-13 18:20:13.774) [debug] [OffLimitContactsPlugin.cc:165] Enabled collision [62]
[component_container-3] (2026-05-13 18:20:13.774) [debug] [OffLimitContactsPlugin.cc:165] Enabled collision [63]
[component_container-3] (2026-05-13 18:20:13.774) [debug] [OffLimitContactsPlugin.cc:165] Enabled collision [64]
[component_container-3] (2026-05-13 18:20:13.774) [debug] [OffLimitContactsPlugin.cc:165] Enabled collision [65]
[component_container-3] (2026-05-13 18:20:13.774) [debug] [OffLimitContactsPlugin.cc:165] Enabled collision [66]
[component_container-3] (2026-05-13 18:20:13.774) [debug] [OffLimitContactsPlugin.cc:165] Enabled collision [67]
[component_container-3] (2026-05-13 18:20:13.774) [debug] [OffLimitContactsPlugin.cc:165] Enabled collision [68]
[component_container-3] (2026-05-13 18:20:13.774) [debug] [OffLimitContactsPlugin.cc:165] Enabled collision [69]
[component_container-3] (2026-05-13 18:20:13.774) [debug] [OffLimitContactsPlugin.cc:165] Enabled collision [70]
[component_container-3] (2026-05-13 18:20:13.774) [debug] [OffLimitContactsPlugin.cc:165] Enabled collision [71]
[component_container-3] (2026-05-13 18:20:13.774) [debug] [OffLimitContactsPlugin.cc:165] Enabled collision [72]
[component_container-3] (2026-05-13 18:20:13.774) [debug] [OffLimitContactsPlugin.cc:165] Enabled collision [73]
[component_container-3] (2026-05-13 18:20:13.774) [debug] [OffLimitContactsPlugin.cc:165] Enabled collision [74]
[component_container-3] (2026-05-13 18:20:13.774) [debug] [OffLimitContactsPlugin.cc:165] Enabled collision [75]
[component_container-3] (2026-05-13 18:20:13.774) [debug] [OffLimitContactsPlugin.cc:165] Enabled collision [81]
[component_container-3] (2026-05-13 18:20:13.774) [debug] [OffLimitContactsPlugin.cc:165] Enabled collision [82]
[component_container-3] (2026-05-13 18:20:13.774) [debug] [OffLimitContactsPlugin.cc:165] Enabled collision [85]
[component_container-3] (2026-05-13 18:20:13.774) [debug] [OffLimitContactsPlugin.cc:165] Enabled collision [86]
[component_container-3] (2026-05-13 18:20:13.774) [debug] [OffLimitContactsPlugin.cc:165] Enabled collision [87]
[component_container-3] (2026-05-13 18:20:13.774) [debug] [OffLimitContactsPlugin.cc:165] Enabled collision [88]
[component_container-3] (2026-05-13 18:20:13.774) [debug] [OffLimitContactsPlugin.cc:165] Enabled collision [91]
[component_container-3] (2026-05-13 18:20:13.774) [debug] [OffLimitContactsPlugin.cc:165] Enabled collision [92]
[component_container-3] (2026-05-13 18:20:13.774) [debug] [OffLimitContactsPlugin.cc:165] Enabled collision [93]
[component_container-3] (2026-05-13 18:20:13.774) [debug] [OffLimitContactsPlugin.cc:165] Enabled collision [94]
[component_container-3] (2026-05-13 18:20:13.774) [debug] [SystemManager.cc:80] Loaded system [aic_gazebo::OffLimitContactsPlugin] for entity [31]
[component_container-3] (2026-05-13 18:20:13.778) [debug] [ResetJointsPlugin.cc:40] aic_gazebo::ResetJointsPlugin::Configure on entity: 31
[component_container-3] [WARN] [1778721613.779828122] [rcl.logging_rosout]: Publisher already registered for node name: 'ros_gz_container'. If this is due to multiple nodes with the same name then all logs for the logger named 'ros_gz_container' will go out over the existing publisher. As soon as any node with that name is destructed it will unregister the publisher, preventing any further logs for that name from being published on the rosout topic.
[component_container-3] (2026-05-13 18:20:13.784) [info] [ResetJointsPlugin.cc:117] Initialized ResetJointsPlugin!
[component_container-3] (2026-05-13 18:20:13.784) [debug] [SystemManager.cc:80] Loaded system [aic_gazebo::ResetJointsPlugin] for entity [31]
[component_container-3] (2026-05-13 18:20:13.784) [debug] [UserCommands.cc:1108] Created entity [31] named [ur5e]
[component_container-3] (2026-05-13 18:20:13.798) [debug] [Physics.cc:1171] Attempting to set physics options, but the physics engine doesn't support feature [CollisionPairMaxContacts]. Options will be ignored.
[component_container-3] (2026-05-13 18:20:13.818) [debug] [Sensors.cc:953] Initialization needed
[component_container-3] (2026-05-13 18:20:13.818) [debug] [Sensors.cc:349] Initializing render context
[component_container-3] (2026-05-13 18:20:13.819) [info] [RenderEngineManager.cc:514] Loading plugin [gz-rendering-ogre2]
[component_container-3] (2026-05-13 18:20:13.820) [info] [SceneBroadcaster.cc:634] Serving scene information on [/world/aic_world/scene/info]
[component_container-3] (2026-05-13 18:20:13.820) [info] [SceneBroadcaster.cc:643] Serving graph information on [/world/aic_world/scene/graph]
[component_container-3] (2026-05-13 18:20:13.821) [info] [SceneBroadcaster.cc:654] Serving full state on [/world/aic_world/state]
[component_container-3] (2026-05-13 18:20:13.821) [info] [SceneBroadcaster.cc:663] Serving full state (async) on [/world/aic_world/state_async]
[component_container-3] (2026-05-13 18:20:13.821) [info] [SceneBroadcaster.cc:671] Publishing scene information on [/world/aic_world/scene/info]
[component_container-3] (2026-05-13 18:20:13.821) [info] [SceneBroadcaster.cc:680] Publishing entity deletions on [/world/aic_world/scene/deletion]
[component_container-3] (2026-05-13 18:20:13.821) [info] [SceneBroadcaster.cc:689] Publishing state changes on [/world/aic_world/state]
[component_container-3] (2026-05-13 18:20:13.821) [info] [SceneBroadcaster.cc:700] Publishing pose messages on [/world/aic_world/pose/info]
[component_container-3] (2026-05-13 18:20:13.822) [info] [SceneBroadcaster.cc:711] Publishing dynamic pose messages on [/world/aic_world/dynamic_pose/info]
[component_container-3] (2026-05-13 18:20:13.822) [debug] [EntityComponentManager.cc:1676] Updated state thread iterators: 22 threads processing around 6 entities each.
[component_container-3] (2026-05-13 18:20:13.857) [debug] [SimulationRunner.cc:600] Exiting postupdate worker thread (3)
[component_container-3] (2026-05-13 18:20:13.857) [debug] [SimulationRunner.cc:600] Exiting postupdate worker thread (1)
[component_container-3] (2026-05-13 18:20:13.857) [debug] [SimulationRunner.cc:600] Exiting postupdate worker thread (0)
[component_container-3] (2026-05-13 18:20:13.857) [debug] [SimulationRunner.cc:600] Exiting postupdate worker thread (2)
[component_container-3] (2026-05-13 18:20:13.858) [debug] [SimulationRunner.cc:573] Creating PostUpdate worker threads: 6
[component_container-3] (2026-05-13 18:20:13.858) [debug] [SimulationRunner.cc:584] Creating postupdate worker thread (0)
[component_container-3] (2026-05-13 18:20:13.858) [debug] [SimulationRunner.cc:584] Creating postupdate worker thread (1)
[component_container-3] (2026-05-13 18:20:13.858) [debug] [SimulationRunner.cc:584] Creating postupdate worker thread (2)
[component_container-3] (2026-05-13 18:20:13.859) [debug] [SimulationRunner.cc:584] Creating postupdate worker thread (3)
[component_container-3] (2026-05-13 18:20:13.859) [debug] [SimulationRunner.cc:584] Creating postupdate worker thread (4)
[component_container-3] (2026-05-13 18:20:13.862) [debug] [EntityComponentManager.cc:1676] Updated state thread iterators: 22 threads processing around 6 entities each.
[spawner-8] [INFO] [1778721613.863876223] [spawner_fts_broadcaster]: Configured and activated fts_broadcaster
[aic_engine-6] [INFO] [1778721613.865320646] [aic_engine]: Clock found successfully.
[aic_engine-6] [INFO] [1778721613.889498374] [aic_engine]: Retrieved home joint position from config: [shoulder_pan_joint]: -0.159700
[aic_engine-6] [INFO] [1778721613.889590203] [aic_engine]: Retrieved home joint position from config: [shoulder_lift_joint]: -1.354200
[aic_engine-6] [INFO] [1778721613.889610071] [aic_engine]: Retrieved home joint position from config: [elbow_joint]: -1.664800
[aic_engine-6] [INFO] [1778721613.889621966] [aic_engine]: Retrieved home joint position from config: [wrist_1_joint]: -1.693300
[aic_engine-6] [INFO] [1778721613.889632581] [aic_engine]: Retrieved home joint position from config: [wrist_2_joint]: 1.571000
[aic_engine-6] [INFO] [1778721613.889643623] [aic_engine]: Retrieved home joint position from config: [wrist_3_joint]: 1.411000
[aic_engine-6] [INFO] [1778721613.889675807] [aic_engine]: Pre-built home messages for robot homing.
[aic_engine-6] [INFO] [1778721613.894687288] [aic_engine]: Bag output directory: /home/ashutokumar/aic_results/cc15c_recovery_20260513_182000
[aic_engine-6] [INFO] [1778721613.894787413] [aic_engine]: [1;32m✓ AIC Engine initialized successfully![0m
[aic_engine-6] [INFO] [1778721613.894795194] [aic_engine]:  
[aic_engine-6] [INFO] [1778721613.894798554] [aic_engine]: [1;35m╔════════════════════════════════════════╗[0m
[aic_engine-6] [INFO] [1778721613.894802451] [aic_engine]: [1;35m║      Starting AIC Engine Run           ║[0m
[aic_engine-6] [INFO] [1778721613.894805311] [aic_engine]: [1;35m║   Total Trials: 3                      ║[0m
[aic_engine-6] [INFO] [1778721613.894808862] [aic_engine]: [1;35m╚════════════════════════════════════════╝[0m
[aic_engine-6] [INFO] [1778721613.894812063] [aic_engine]:  
[aic_engine-6] [INFO] [1778721613.894816175] [aic_engine]:  
[aic_engine-6] [INFO] [1778721613.894818736] [aic_engine]: [1;33m━━━━━━━━━━━━━━━━━━━━━━━━━━━━━━━━━━━━━━━━[0m
[aic_engine-6] [INFO] [1778721613.894822023] [aic_engine]: [1;33m  Trial 1/3: trial_1[0m
[aic_engine-6] [INFO] [1778721613.894825107] [aic_engine]: [1;33m━━━━━━━━━━━━━━━━━━━━━━━━━━━━━━━━━━━━━━━━[0m
[aic_engine-6] [INFO] [1778721613.894828264] [aic_engine]: [1;36m→ Starting trial 'trial_1'...[0m
[aic_engine-6] [INFO] [1778721613.894833117] [aic_engine]: Checking participant model readiness...
[aic_engine-6] [INFO] [1778721613.894873782] [aic_engine]: No node with name 'aic_model' found. Retrying...
[component_container-3] [INFO] [1778721613.934245225] [controller_manager]: Loading controller : 'joint_state_broadcaster' of type 'joint_state_broadcaster/JointStateBroadcaster'
[component_container-3] [INFO] [1778721613.934403417] [controller_manager]: Loading controller 'joint_state_broadcaster'
[component_container-3] [INFO] [1778721613.938884130] [controller_manager]: Controller 'joint_state_broadcaster' node arguments: --ros-args --params-file /ws_aic/install/share/aic_bringup/config/aic_ros2_controllers.yaml -p use_sim_time:=true --param use_sim_time:=true 
[INFO] [spawner-8]: process has finished cleanly [pid 10990]
[component_container-3] [1;33mWarning [Utils.cc:119][0m [/sdf/model[@name="ur"]/link[@name="center_camera/sensor_link"]/sensor[@name="center_camera"]/camera[@name="center_camera"]/optical_frame_id]: SDF Element[optical_frame_id] is deprecated
[gz-4] [1;33mWarning [Utils.cc:119][0m [/sdf/model[@name="ur"]/link[@name="center_camera/sensor_link"]/sensor[@name="center_camera"]/camera[@name="center_camera"]/optical_frame_id]: SDF Element[optical_frame_id] is deprecated
[component_container-3] [1;33mWarning [Utils.cc:119][0m [/sdf/model[@name="ur"]/link[@name="left_camera/sensor_link"]/sensor[@name="left_camera"]/camera[@name="left_camera"]/optical_frame_id]: SDF Element[optical_frame_id] is deprecated
[gz-4] [1;33mWarning [Utils.cc:119][0m [/sdf/model[@name="ur"]/link[@name="left_camera/sensor_link"]/sensor[@name="left_camera"]/camera[@name="left_camera"]/optical_frame_id]: SDF Element[optical_frame_id] is deprecated
[gz-4] [1;33mWarning [Utils.cc:119][0m [/sdf/model[@name="ur"]/link[@name="right_camera/sensor_link"]/sensor[@name="right_camera"]/camera[@name="right_camera"]/optical_frame_id]: SDF Element[optical_frame_id] is deprecated
[component_container-3] [1;33mWarning [Utils.cc:119][0m [/sdf/model[@name="ur"]/link[@name="right_camera/sensor_link"]/sensor[@name="right_camera"]/camera[@name="right_camera"]/optical_frame_id]: SDF Element[optical_frame_id] is deprecated
[component_container-3] [INFO] [1778721614.019071024] [gz_server]: InitializeCanonicalLinks
[component_container-3] [INFO] [1778721614.019299087] [gz_server]: Creating services on gz_server
[component_container-3] [INFO] [1778721614.020570599] [gz_server]: Created service /gz_server/delete_entity
[component_container-3] [INFO] [1778721614.021048671] [gz_server]: Created service /gz_server/get_entities
[component_container-3] [INFO] [1778721614.021577782] [gz_server]: Created service /gz_server/get_entity_info
[component_container-3] [INFO] [1778721614.022012362] [gz_server]: Created service /gz_server/get_entity_state
[component_container-3] [INFO] [1778721614.022378927] [gz_server]: Created service /gz_server/get_entities_states
[component_container-3] [INFO] [1778721614.022720433] [gz_server]: Created service /gz_server/get_simulation_state
[component_container-3] [INFO] [1778721614.023013319] [gz_server]: Created service /gz_server/get_simulator_features
[component_container-3] [INFO] [1778721614.023339747] [gz_server]: Created service /gz_server/reset_simulation
[component_container-3] [INFO] [1778721614.023635954] [gz_server]: Created service /gz_server/set_entity_state
[component_container-3] [INFO] [1778721614.024090200] [gz_server]: Created service /gz_server/set_simulation_state
[component_container-3] [INFO] [1778721614.024437836] [gz_server]: Created service /gz_server/spawn_entity
[component_container-3] [INFO] [1778721614.024794003] [gz_server]: Created service /gz_server/step_simulation
[component_container-3] [INFO] [1778721614.027022638] [gz_server]: Created action /gz_server/simulate_steps
[component_container-3] (2026-05-13 18:20:14.121) [debug] [RenderUtil.cc:2646] Create scene [scene]
[component_container-3] (2026-05-13 18:20:17.238) [debug] [Sensors.cc:391] Rendering Thread initialized
[component_container-3] (2026-05-13 18:20:17.241) [debug] [Sensors.cc:953] Initialization needed
[component_container-3] (2026-05-13 18:20:17.265) [info] [ApplyLinkWrench.cc:209] Listening to instantaneous wrench commands in [/world/aic_world/wrench]
[component_container-3] (2026-05-13 18:20:17.266) [info] [ApplyLinkWrench.cc:220] Listening to persistent wrench commands in [/world/aic_world/wrench/persistent]
[component_container-3] (2026-05-13 18:20:17.266) [info] [ApplyLinkWrench.cc:231] Listening to wrench clear commands in [/world/aic_world/wrench/clear]
[component_container-3] (2026-05-13 18:20:17.267) [debug] [SystemManager.cc:80] Loaded system [gz::sim::systems::ApplyLinkWrench] for entity [1]
[component_container-3] (2026-05-13 18:20:17.267) [debug] [ForceTorque.cc:162] Adding JointTransmittedWrench to: 110
[component_container-3] [INFO] [1778721617.270691314] [ros_gz_container]: ForceTorque AtiForceTorqueSensor has a topic name: /axia80_m20/wrench
[component_container-3] [INFO] [1778721617.271623105] [ros_gz_container]: ForceTorque AtiForceTorqueSensor has a topic name: /axia80_m20/wrench
[spawner-7] [INFO] [1778721617.330977698] [spawner_joint_state_broadcaster]: Loaded joint_state_broadcaster
[component_container-3] [INFO] [1778721617.344196782] [controller_manager]: Configuring controller: 'joint_state_broadcaster'
[component_container-3] [INFO] [1778721617.345975792] [joint_state_broadcaster]: 'joints' or 'interfaces' parameter is empty. All available state interfaces will be published
[component_container-3] (2026-05-13 18:20:18.502) [debug] [CameraSensor.cc:342] Camera images for [ur5e::center_camera/sensor_link::center_camera] advertised on [/center_camera/image]
[component_container-3] (2026-05-13 18:20:18.502) [debug] [CameraSensor.cc:632] Camera info for [ur5e::center_camera/sensor_link::center_camera] advertised on [/center_camera/camera_info]
[component_container-3] (2026-05-13 18:20:18.503) [warning] [Ogre2Camera.cc:423] Ogre2Camera::SetVisibilityMask: Mask bits c0000000 are set but will be ignored as they conflict with the reserved bits used internally by the ogre2 backend.
[component_container-3] (2026-05-13 18:20:18.503) [debug] [CameraSensor.cc:342] Camera images for [ur5e::left_camera/sensor_link::left_camera] advertised on [/left_camera/image]
[component_container-3] (2026-05-13 18:20:18.503) [debug] [CameraSensor.cc:632] Camera info for [ur5e::left_camera/sensor_link::left_camera] advertised on [/left_camera/camera_info]
[component_container-3] (2026-05-13 18:20:18.503) [warning] [Ogre2Camera.cc:423] Ogre2Camera::SetVisibilityMask: Mask bits c0000000 are set but will be ignored as they conflict with the reserved bits used internally by the ogre2 backend.
[component_container-3] (2026-05-13 18:20:18.504) [debug] [CameraSensor.cc:342] Camera images for [ur5e::right_camera/sensor_link::right_camera] advertised on [/right_camera/image]
[component_container-3] (2026-05-13 18:20:18.504) [debug] [CameraSensor.cc:632] Camera info for [ur5e::right_camera/sensor_link::right_camera] advertised on [/right_camera/camera_info]
[component_container-3] (2026-05-13 18:20:18.504) [warning] [Ogre2Camera.cc:423] Ogre2Camera::SetVisibilityMask: Mask bits c0000000 are set but will be ignored as they conflict with the reserved bits used internally by the ogre2 backend.
[component_container-3] (2026-05-13 18:20:44.422) [debug] [CameraSensor.cc:441] Enabling camera sensor: 'ur5e::center_camera/sensor_link::center_camera' data generation.
[component_container-3] (2026-05-13 18:20:45.893) [debug] [CameraSensor.cc:441] Enabling camera sensor: 'ur5e::left_camera/sensor_link::left_camera' data generation.
[component_container-3] (2026-05-13 18:20:47.091) [debug] [CameraSensor.cc:441] Enabling camera sensor: 'ur5e::right_camera/sensor_link::right_camera' data generation.
[spawner-7] [WARN] [1778721645.211491026] [spawner_joint_state_broadcaster]: Failed getting a result from calling /controller_manager/configure_controller in 30.0. (Attempt 1 of 3.)
[component_container-3] (2026-05-13 18:20:45.955) [debug] [SimulationRunner.cc:600] Exiting postupdate worker thread (0)
[component_container-3] (2026-05-13 18:20:45.955) [debug] [SimulationRunner.cc:600] Exiting postupdate worker thread (4)
[component_container-3] (2026-05-13 18:20:45.955) [debug] [SimulationRunner.cc:600] Exiting postupdate worker thread (3)
[component_container-3] (2026-05-13 18:20:45.956) [debug] [SimulationRunner.cc:600] Exiting postupdate worker thread (2)
[component_container-3] (2026-05-13 18:20:45.956) [debug] [SimulationRunner.cc:600] Exiting postupdate worker thread (1)
[component_container-3] (2026-05-13 18:20:45.960) [debug] [SimulationRunner.cc:573] Creating PostUpdate worker threads: 6
[component_container-3] (2026-05-13 18:20:45.960) [debug] [SimulationRunner.cc:584] Creating postupdate worker thread (0)
[component_container-3] (2026-05-13 18:20:45.960) [debug] [SimulationRunner.cc:584] Creating postupdate worker thread (1)
[component_container-3] (2026-05-13 18:20:45.960) [debug] [SimulationRunner.cc:584] Creating postupdate worker thread (2)
[component_container-3] (2026-05-13 18:20:45.960) [debug] [SimulationRunner.cc:584] Creating postupdate worker thread (3)
[component_container-3] (2026-05-13 18:20:45.960) [debug] [SimulationRunner.cc:584] Creating postupdate worker thread (4)
[component_container-3] [INFO] [1778721645.969112047] [controller_manager]: Configuring controller: 'joint_state_broadcaster'
[component_container-3] [INFO] [1778721645.969337611] [joint_state_broadcaster]: 'joints' or 'interfaces' parameter is empty. All available state interfaces will be published
[component_container-3] [INFO] [1778721645.997496973] [controller_manager]: Activating controllers: [ joint_state_broadcaster ]
[component_container-3] [INFO] [1778721645.997696374] [controller_manager]: Requested controller switch from non-realtime loop
[component_container-3] [INFO] [1778721645.997944538] [controller_manager]: Successfully switched controllers!
[spawner-7] [INFO] [1778721646.002598902] [spawner_joint_state_broadcaster]: Configured and activated joint_state_broadcaster
[INFO] [spawner-7]: process has finished cleanly [pid 10989]
[INFO] [spawner-9]: process started with pid [13733]
[component_container-3] (2026-05-13 18:20:47.196) [debug] [WorldSdfGeneratorPlugin.cc:79] Saving world: aic_world to: /tmp/aic.sdf
[component_container-3] (2026-05-13 18:20:47.197) [info] [WorldSdfGeneratorPlugin.cc:84] World saved to /tmp/aic.sdf
[component_container-3] [INFO] [1778721647.219698334] [controller_manager]: Loading controller : 'aic_controller' of type 'aic/Controller'
[component_container-3] [INFO] [1778721647.219836720] [controller_manager]: Loading controller 'aic_controller'
[component_container-3] [INFO] [1778721647.258446308] [controller_manager]: Controller 'aic_controller' node arguments: --ros-args --params-file /ws_aic/install/share/aic_bringup/config/aic_ros2_controllers.yaml -p use_sim_time:=true --param use_sim_time:=true 
[spawner-9] [INFO] [1778721649.500210007] [spawner_aic_controller]: Loaded aic_controller
[component_container-3] [INFO] [1778721649.517494621] [controller_manager]: Configuring controller: 'aic_controller'
[component_container-3] [INFO] [1778721649.517702122] [aic_controller]: Control mode set to impedance
[component_container-3] [INFO] [1778721649.517718874] [aic_controller]: Target mode set to Cartesian. Accepting MotionUpdate targets.
[component_container-3] [INFO] [1778721649.569369834] [controller_manager]: Activating controllers: [ aic_controller ]
[component_container-3] [INFO] [1778721649.570333079] [controller_manager]: Requested controller switch from non-realtime loop
[component_container-3] [INFO] [1778721649.571154556] [controller_manager]: Successfully switched controllers!
[component_container-3] (2026-05-13 18:20:52.739) [warning] [Component.hh:144] Trying to serialize component with data type [St6vectorIdSaIdEE], which doesn't have `operator<<`. Component will not be serialized.
[spawner-9] [INFO] [1778721652.742927639] [spawner_aic_controller]: Configured and activated all the parsed controllers list : ['aic_controller']!
[component_container-3] (2026-05-13 18:20:52.758) [warning] [Component.hh:189] Trying to deserialize component with data type [St6vectorIdSaIdEE], which doesn't have `operator>>`. Component will not be deserialized.
[INFO] [spawner-9]: process has finished cleanly [pid 13733]
[aic_engine-6] [INFO] [1778721704.476899209] [aic_engine]: Found 1 node(s) with name 'aic_model'. Checking if it is a lifecycle node...
[aic_engine-6] [INFO] [1778721704.477028609] [aic_engine]: Service '/aic_model/get_state' is available. Participant model discovered.
[aic_engine-6] [INFO] [1778721704.477043024] [aic_engine]: Lifecycle node 'aic_model' is available. Checking if it is in 'unconfigured' state...
[aic_engine-6] [INFO] [1778721704.479943626] [aic_engine]: Lifecycle node 'aic_model' is in 'unconfigured' state
[aic_engine-6] [INFO] [1778721704.480063878] [aic_engine]: Configuring lifecycle node 'aic_model'...
[aic_engine-6] [INFO] [1778721704.480093562] [aic_engine]: Transitioning model node 'aic_model' to transition 'configure'...
[aic_engine-6] [INFO] [1778721710.607249881] [aic_engine]: Successfully transition model node 'aic_model' to state 'configure'
[aic_engine-6] [INFO] [1778721710.639120152] [aic_engine]: Insert cable action goal was rejected by the server as expected.
[aic_engine-6] [INFO] [1778721772.909651377] [aic_engine]: Lifecycle node 'aic_model' is in 'configured' state and meets all expectations.
[aic_engine-6] [INFO] [1778721772.909775549] [aic_engine]: Transitioning model node 'aic_model' to transition 'activate'...
[aic_engine-6] [INFO] [1778721772.921570237] [aic_engine]: Successfully transition model node 'aic_model' to state 'activate'
[aic_engine-6] [INFO] [1778721772.921668849] [aic_engine]: [1;32m  ✓ Model Ready for trial 'trial_1'[0m
[aic_engine-6] [INFO] [1778721772.921684437] [aic_engine]: Checking required endpoints...
[aic_engine-6] [INFO] [1778721776.341659657] [aic_engine]: All required endpoints are available.
[aic_engine-6] [INFO] [1778721776.341736160] [aic_engine]: [1;32m  ✓ Endpoints Ready for trial 'trial_1'[0m
[aic_engine-6] [INFO] [1778721776.341748430] [aic_engine]: Readying simulator for trial 'trial_1'...
[aic_engine-6] [INFO] [1778721776.341757929] [aic_engine]: Spawning task board.
[component_container-3] (2026-05-13 18:23:00.467) [debug] [SdfEntityCreator.cc:547] Link has auto-inertial enabled: sc_port_0::sc_port_link
[component_container-3] (2026-05-13 18:23:00.478) [debug] [SdfEntityCreator.cc:549]   pose: 1.88554e-19 -0.00100271 0.000137321 0 0 0
[component_container-3] (2026-05-13 18:23:00.478) [debug] [SdfEntityCreator.cc:550]   mass: 0.04
[component_container-3] (2026-05-13 18:23:00.478) [debug] [SdfEntityCreator.cc:551]   ixx iyy izz: 1.86262e-06 5.50332e-06 6.55187e-06
[component_container-3] (2026-05-13 18:23:00.478) [debug] [SdfEntityCreator.cc:553]   ixy ixz iyz: -7.41324e-15 4.19415e-23 -5.5077e-09
[component_container-3] (2026-05-13 18:23:00.481) [debug] [SdfEntityCreator.cc:547] Link has auto-inertial enabled: nic_card_mount_0::nic_card_link
[component_container-3] (2026-05-13 18:23:00.481) [debug] [SdfEntityCreator.cc:549]   pose: 0.00150732 -0.00850988 0.00340281 0 0 0
[component_container-3] (2026-05-13 18:23:00.481) [debug] [SdfEntityCreator.cc:550]   mass: 0.15
[component_container-3] (2026-05-13 18:23:00.481) [debug] [SdfEntityCreator.cc:551]   ixx iyy izz: 0.000185176 4.95164e-05 0.000228127
[component_container-3] (2026-05-13 18:23:00.481) [debug] [SdfEntityCreator.cc:553]   ixy ixz iyz: -1.61776e-06 6.54063e-07 1.04636e-07
[component_container-3] (2026-05-13 18:23:00.503) [debug] [SystemManager.cc:80] Loaded system [gz::sim::systems::PosePublisher] for entity [118]
[component_container-3] (2026-05-13 18:23:00.519) [debug] [SystemManager.cc:80] Loaded system [gz::sim::systems::TouchPlugin] for entity [165]
[component_container-3] (2026-05-13 18:23:00.553) [debug] [SystemManager.cc:80] Loaded system [gz::sim::systems::TouchPlugin] for entity [188]
[component_container-3] (2026-05-13 18:23:00.556) [debug] [SystemManager.cc:80] Loaded system [gz::sim::systems::TouchPlugin] for entity [188]
[component_container-3] (2026-05-13 18:23:00.557) [debug] [UserCommands.cc:1108] Created entity [118] named [task_board]
[component_container-3] (2026-05-13 18:23:00.591) [info] [Contact.cc:125] Contact system publishing on world/aic_world/model/task_board/model/sc_port_0/link/sc_port_link/sensor/sc_port_sensor/contact
[component_container-3] (2026-05-13 18:23:00.593) [info] [Contact.cc:125] Contact system publishing on world/aic_world/model/task_board/model/nic_card_mount_0/link/nic_card_link/sensor/sfp_port_sensor/contact
[aic_engine-6] [INFO] [1778721780.598944477] [aic_engine]: Successfully spawned task_board as 'task_board'
[aic_engine-6] [INFO] [1778721780.599070535] [aic_engine]: Task board spawned successfully.
[component_container-3] [INFO] [1778721780.605465025] [aic_controller]: Received service request to tare force torque sensor!
[component_container-3] [INFO] [1778721780.605565572] [aic_controller]: Successfully tared force torque sensor.
[aic_engine-6] [INFO] [1778721780.608353546] [aic_engine]: Spawning cable.
[aic_engine-6] [INFO] [1778721780.608616393] [aic_engine]: Spawning cable 'cable_0'...
[component_container-3] (2026-05-13 18:23:00.633) [warning] [Component.hh:127] Trying to serialize component with data type [St10shared_ptrIN3sdf3v157ElementEE], which doesn't have `operator<<`. Component will not be serialized.
[component_container-3] [INFO] [1778721780.634283625] [gz_server]: InitializeCanonicalLinks
[component_container-3] (2026-05-13 18:23:00.655) [debug] [SimulationRunner.cc:600] Exiting postupdate worker thread (3)
[component_container-3] (2026-05-13 18:23:00.655) [debug] [SimulationRunner.cc:600] Exiting postupdate worker thread (0)
[component_container-3] (2026-05-13 18:23:00.656) [warning] [Component.hh:172] Trying to deserialize component with data type [St10shared_ptrIN3sdf3v157ElementEE], which doesn't have `operator>>`. Component will not be deserialized.
[component_container-3] (2026-05-13 18:23:00.661) [debug] [SimulationRunner.cc:600] Exiting postupdate worker thread (4)
[component_container-3] (2026-05-13 18:23:00.655) [debug] [SimulationRunner.cc:600] Exiting postupdate worker thread (2)
[component_container-3] (2026-05-13 18:23:00.655) [debug] [SimulationRunner.cc:600] Exiting postupdate worker thread (1)
[component_container-3] (2026-05-13 18:23:00.670) [debug] [SimulationRunner.cc:573] Creating PostUpdate worker threads: 10
[component_container-3] (2026-05-13 18:23:00.670) [debug] [SimulationRunner.cc:584] Creating postupdate worker thread (0)
[component_container-3] (2026-05-13 18:23:00.670) [debug] [SimulationRunner.cc:584] Creating postupdate worker thread (1)
[component_container-3] (2026-05-13 18:23:00.670) [debug] [SimulationRunner.cc:584] Creating postupdate worker thread (2)
[component_container-3] (2026-05-13 18:23:00.670) [debug] [SimulationRunner.cc:584] Creating postupdate worker thread (3)
[component_container-3] (2026-05-13 18:23:00.670) [debug] [SimulationRunner.cc:584] Creating postupdate worker thread (4)
[component_container-3] (2026-05-13 18:23:00.670) [debug] [SimulationRunner.cc:584] Creating postupdate worker thread (5)
[component_container-3] (2026-05-13 18:23:00.670) [debug] [SimulationRunner.cc:584] Creating postupdate worker thread (6)
[component_container-3] (2026-05-13 18:23:00.670) [debug] [SimulationRunner.cc:584] Creating postupdate worker thread (7)
[component_container-3] (2026-05-13 18:23:00.670) [debug] [SimulationRunner.cc:584] Creating postupdate worker thread (8)
[component_container-3] (2026-05-13 18:23:00.678) [debug] [TouchPlugin.cc:267] Started touch plugin [sc_port_0/sc_port_base]
[component_container-3] (2026-05-13 18:23:00.678) [debug] [TouchPlugin.cc:267] Started touch plugin [nic_card_mount_0/sfp_port_0]
[component_container-3] (2026-05-13 18:23:00.679) [debug] [TouchPlugin.cc:267] Started touch plugin [nic_card_mount_0/sfp_port_1]
[component_container-3] (2026-05-13 18:23:03.584) [debug] [SdfEntityCreator.cc:547] Link has auto-inertial enabled: cable_0::lc_plug_link
[component_container-3] (2026-05-13 18:23:03.584) [debug] [SdfEntityCreator.cc:549]   pose: 0 0.0197 0 0 0 0
[component_container-3] (2026-05-13 18:23:03.584) [debug] [SdfEntityCreator.cc:550]   mass: 0.01
[component_container-3] (2026-05-13 18:23:03.584) [debug] [SdfEntityCreator.cc:551]   ixx iyy izz: 8.49658e-09 9.96094e-08 1.06153e-07
[component_container-3] (2026-05-13 18:23:03.584) [debug] [SdfEntityCreator.cc:553]   ixy ixz iyz: 0 0 2.13837e-15
[component_container-3] (2026-05-13 18:23:03.584) [debug] [SdfEntityCreator.cc:547] Link has auto-inertial enabled: cable_0::sc_plug_link
[component_container-3] (2026-05-13 18:23:03.585) [debug] [SdfEntityCreator.cc:549]   pose: -0.00907511 4.9566e-05 8.71699e-06 0 0 0
[component_container-3] (2026-05-13 18:23:03.585) [debug] [SdfEntityCreator.cc:550]   mass: 0.04
[component_container-3] (2026-05-13 18:23:03.585) [debug] [SdfEntityCreator.cc:551]   ixx iyy izz: 2.12257e-06 7.17318e-06 8.85404e-06
[component_container-3] (2026-05-13 18:23:03.585) [debug] [SdfEntityCreator.cc:553]   ixy ixz iyz: 1.24369e-08 -3.73363e-09 1.72827e-11
[component_container-3] (2026-05-13 18:23:03.586) [debug] [SdfEntityCreator.cc:547] Link has auto-inertial enabled: cable_0::sfp_module_link
[component_container-3] (2026-05-13 18:23:03.586) [debug] [SdfEntityCreator.cc:549]   pose: 0.00024115 0.00702224 0.000553372 0 0 0
[component_container-3] (2026-05-13 18:23:03.586) [debug] [SdfEntityCreator.cc:550]   mass: 0.02
[component_container-3] (2026-05-13 18:23:03.586) [debug] [SdfEntityCreator.cc:551]   ixx iyy izz: 2.81022e-06 5.74024e-07 3.07134e-06
[component_container-3] (2026-05-13 18:23:03.586) [debug] [SdfEntityCreator.cc:553]   ixy ixz iyz: 2.90452e-08 2.66891e-09 9.66165e-08
[component_container-3] (2026-05-13 18:23:03.593) [debug] [CablePlugin.cc:86] aic_gazebo::CablePlugin::Configure on entity: 242
[component_container-3] (2026-05-13 18:23:03.594) [info] [CablePlugin.cc:150] Cable transitioning to HARNESS state.
[component_container-3] (2026-05-13 18:23:03.594) [debug] [SystemManager.cc:80] Loaded system [aic_gazebo::CablePlugin] for entity [242]
[component_container-3] (2026-05-13 18:23:03.595) [debug] [SystemManager.cc:80] Loaded system [gz::sim::systems::PosePublisher] for entity [242]
[component_container-3] (2026-05-13 18:23:03.595) [debug] [UserCommands.cc:1108] Created entity [242] named [cable_0]
[aic_engine-6] [INFO] [1778721783.604370244] [aic_engine]: Successfully spawned cable_0 as 'cable_0'
[aic_engine-6] [INFO] [1778721783.604452655] [aic_engine]: Cable cable_0 spawned successfully.
[component_container-3] [INFO] [1778721783.611385818] [gz_server]: InitializeCanonicalLinks
[component_container-3] (2026-05-13 18:23:10.325) [debug] [SimulationRunner.cc:600] Exiting postupdate worker thread (6)
[component_container-3] (2026-05-13 18:23:10.325) [debug] [SimulationRunner.cc:600] Exiting postupdate worker thread (5)
[component_container-3] (2026-05-13 18:23:10.325) [debug] [SimulationRunner.cc:600] Exiting postupdate worker thread (8)
[component_container-3] (2026-05-13 18:23:10.325) [debug] [SimulationRunner.cc:600] Exiting postupdate worker thread (4)
[component_container-3] (2026-05-13 18:23:10.326) [debug] [SimulationRunner.cc:600] Exiting postupdate worker thread (3)
[component_container-3] (2026-05-13 18:23:10.326) [debug] [SimulationRunner.cc:600] Exiting postupdate worker thread (2)
[component_container-3] (2026-05-13 18:23:10.325) [debug] [SimulationRunner.cc:600] Exiting postupdate worker thread (1)
[component_container-3] (2026-05-13 18:23:10.328) [debug] [SimulationRunner.cc:600] Exiting postupdate worker thread (0)
[component_container-3] (2026-05-13 18:23:10.325) [debug] [SimulationRunner.cc:600] Exiting postupdate worker thread (7)
[component_container-3] (2026-05-13 18:23:10.330) [debug] [SimulationRunner.cc:573] Creating PostUpdate worker threads: 12
[component_container-3] (2026-05-13 18:23:10.333) [debug] [SimulationRunner.cc:584] Creating postupdate worker thread (0)
[component_container-3] (2026-05-13 18:23:10.333) [debug] [SimulationRunner.cc:584] Creating postupdate worker thread (1)
[component_container-3] (2026-05-13 18:23:10.333) [debug] [SimulationRunner.cc:584] Creating postupdate worker thread (2)
[component_container-3] (2026-05-13 18:23:10.333) [debug] [SimulationRunner.cc:584] Creating postupdate worker thread (3)
[component_container-3] (2026-05-13 18:23:10.333) [debug] [SimulationRunner.cc:584] Creating postupdate worker thread (4)
[component_container-3] (2026-05-13 18:23:10.333) [debug] [SimulationRunner.cc:584] Creating postupdate worker thread (5)
[component_container-3] (2026-05-13 18:23:10.333) [debug] [SimulationRunner.cc:584] Creating postupdate worker thread (6)
[component_container-3] (2026-05-13 18:23:10.333) [debug] [SimulationRunner.cc:584] Creating postupdate worker thread (7)
[component_container-3] (2026-05-13 18:23:10.333) [debug] [SimulationRunner.cc:584] Creating postupdate worker thread (8)
[component_container-3] (2026-05-13 18:23:10.333) [debug] [SimulationRunner.cc:584] Creating postupdate worker thread (9)
[component_container-3] (2026-05-13 18:23:10.334) [debug] [SimulationRunner.cc:584] Creating postupdate worker thread (10)
[component_container-3] (2026-05-13 18:23:10.423) [info] [CablePlugin.cc:201] Cable transitioning to WAITING state.
[component_container-3] (2026-05-13 18:23:10.423) [info] [CablePlugin.cc:213] Cable transitioning to CREATE_CONNECTIONS state.
[component_container-3] (2026-05-13 18:23:10.424) [debug] [Physics.cc:2015] Creating detachable joint [418]
[component_container-3] (2026-05-13 18:23:10.439) [debug] [Physics.cc:2015] Creating detachable joint [421]
[component_container-3] (2026-05-13 18:23:10.442) [debug] [Physics.cc:2136] Detaching joint [418]
[component_container-3] (2026-05-13 18:23:10.457) [debug] [Physics.cc:2136] Detaching joint [421]
[component_container-3] [INFO] [1778721790.470413266] [gz_server]: InitializeCanonicalLinks
[component_container-3] (2026-05-13 18:23:10.490) [info] [CablePlugin.cc:247] Cable transitioning to CABLE_ATTACHED_TO_GRIPPER state.
[component_container-3] (2026-05-13 18:23:10.491) [debug] [Physics.cc:2015] Creating detachable joint [422]
[aic_engine-6] [INFO] [1778721808.437230526] [aic_engine]: Waiting for robot arm to stabilize.
[aic_engine-6] [INFO] [1778722046.022219671] [aic_engine]: [1;32m  ✓ Simulator Ready for trial 'trial_1'[0m
[aic_engine-6] [INFO] [1778722046.022317431] [aic_engine]: Checking scoring system readiness...
[aic_engine-6] [INFO] [1778722065.020870939] [aic_engine]: Started recording to '/home/ashutokumar/aic_results/cc15c_recovery_20260513_182000/bag_trial_1_20260513_182726_022'.
[aic_engine-6] [INFO] [1778722065.020956420] [aic_engine]: [1;32m  ✓ Scoring Ready for trial 'trial_1'[0m
[aic_engine-6] [INFO] [1778722065.021629818] [aic_engine]: Starting tasks for active trial...
[aic_engine-6] [INFO] [1778722065.021673507] [aic_engine]: Sending InsertCable goal for task [task_1]
[aic_engine-6] [INFO] [1778722065.034712988] [aic_engine]: TrialState: TasksExecuting
[aic_engine-6] [INFO] [1778722065.034945813] [aic_engine]: Waiting for result...
[aic_engine-6] [INFO] [1778722245.581310690] [aic_engine]: Task [task_1] failed: 
[aic_engine-6] [INFO] [1778722245.581502282] [aic_engine]: [1;36m  ⟳ Tasks Executing for trial 'trial_1'...[0m
[aic_engine-6] [INFO] [1778722245.581519128] [aic_engine]: Checking if all tasks were completed successfully...
[aic_engine-6] [ERROR] [1778722245.581527880] [aic_engine]: There are still pending tasks in the active trial.
[aic_engine-6] [ERROR] [1778722245.581746846] [aic_engine]: [1;31m  ✗ Tasks were not completed successfully for trial 'trial_1'[0m
[aic_engine-6] [INFO] [1778722264.651626176] [aic_engine]: Finished scoring trial, total score is: 1.000000
[aic_engine-6] [INFO] [1778722264.651786657] [aic_engine]: Resetting after trial completion...
[aic_engine-6] [INFO] [1778722264.651809193] [aic_engine]: Transitioning model node 'aic_model' to transition 'deactivate'...
[aic_engine-6] [INFO] [1778722264.657360125] [aic_engine]: Successfully transition model node 'aic_model' to state 'deactivate'
[aic_engine-6] [ERROR] [1778722269.667052940] [aic_engine]: Failed to delete entity 'task_board': Error while trying to remove entity
[component_container-3] (2026-05-13 18:31:13.287) [debug] [UserCommands.cc:1158] Requesting removal of entity [118]
[component_container-3] (2026-05-13 18:31:13.288) [debug] [UserCommands.cc:1158] Requesting removal of entity [242]
[component_container-3] (2026-05-13 18:31:13.289) [info] [CablePlugin.cc:162] Cable transitioning to CABLE_REMOVED state.
[aic_engine-6] [INFO] [1778722273.290105112] [aic_engine]: Successfully deleted entity 'cable_0'
[aic_engine-6] [INFO] [1778722273.290166092] [aic_engine]: Homing robot to initial positions...
[component_container-3] (2026-05-13 18:31:13.290) [debug] [Physics.cc:2136] Detaching joint [422]
[component_container-3] [INFO] [1778722273.290847154] [controller_manager]: Deactivating controllers: [ aic_controller ]
[component_container-3] [INFO] [1778722273.291072875] [controller_manager]: Switch controller timeout is set to 0, using default 1s!
[component_container-3] [INFO] [1778722273.291087938] [controller_manager]: Requested controller switch from non-realtime loop
[component_container-3] [INFO] [1778722273.291276877] [controller_manager]: Deactivated controllers: [ aic_controller ]
[component_container-3] [INFO] [1778722273.291507113] [controller_manager]: Successfully switched controllers!
[aic_engine-6] [INFO] [1778722273.294464267] [aic_engine]: aic_controller deactivated successfully.
[component_container-3] (2026-05-13 18:31:13.295) [info] [ResetJointsPlugin.cc:105] Received reset request for joint: shoulder_pan_joint
[component_container-3] (2026-05-13 18:31:13.295) [info] [ResetJointsPlugin.cc:105] Received reset request for joint: shoulder_lift_joint
[component_container-3] (2026-05-13 18:31:13.295) [info] [ResetJointsPlugin.cc:105] Received reset request for joint: elbow_joint
[component_container-3] (2026-05-13 18:31:13.295) [info] [ResetJointsPlugin.cc:105] Received reset request for joint: wrist_1_joint
[component_container-3] (2026-05-13 18:31:13.295) [info] [ResetJointsPlugin.cc:105] Received reset request for joint: wrist_2_joint
[component_container-3] (2026-05-13 18:31:13.295) [info] [ResetJointsPlugin.cc:105] Received reset request for joint: wrist_3_joint
[component_container-3] (2026-05-13 18:31:13.538) [debug] [SimulationRunner.cc:600] Exiting postupdate worker thread (3)
[component_container-3] (2026-05-13 18:31:13.540) [debug] [SimulationRunner.cc:600] Exiting postupdate worker thread (2)
[component_container-3] (2026-05-13 18:31:13.541) [debug] [SimulationRunner.cc:600] Exiting postupdate worker thread (10)
[component_container-3] (2026-05-13 18:31:13.541) [debug] [SimulationRunner.cc:600] Exiting postupdate worker thread (1)
[component_container-3] (2026-05-13 18:31:13.541) [debug] [SimulationRunner.cc:600] Exiting postupdate worker thread (9)
[component_container-3] (2026-05-13 18:31:13.541) [debug] [SimulationRunner.cc:600] Exiting postupdate worker thread (6)
[component_container-3] (2026-05-13 18:31:13.543) [debug] [SimulationRunner.cc:600] Exiting postupdate worker thread (8)
[component_container-3] (2026-05-13 18:31:13.544) [debug] [SimulationRunner.cc:600] Exiting postupdate worker thread (5)
[component_container-3] (2026-05-13 18:31:13.545) [debug] [SimulationRunner.cc:600] Exiting postupdate worker thread (4)
[component_container-3] (2026-05-13 18:31:13.549) [debug] [SimulationRunner.cc:600] Exiting postupdate worker thread (7)
[component_container-3] (2026-05-13 18:31:13.545) [debug] [SimulationRunner.cc:600] Exiting postupdate worker thread (0)
[component_container-3] (2026-05-13 18:31:13.551) [debug] [SimulationRunner.cc:573] Creating PostUpdate worker threads: 6
[component_container-3] (2026-05-13 18:31:13.552) [debug] [SimulationRunner.cc:584] Creating postupdate worker thread (0)
[component_container-3] (2026-05-13 18:31:13.552) [debug] [SimulationRunner.cc:584] Creating postupdate worker thread (1)
[component_container-3] (2026-05-13 18:31:13.552) [debug] [SimulationRunner.cc:584] Creating postupdate worker thread (2)
[component_container-3] (2026-05-13 18:31:13.552) [debug] [SimulationRunner.cc:584] Creating postupdate worker thread (3)
[component_container-3] (2026-05-13 18:31:13.552) [debug] [SimulationRunner.cc:584] Creating postupdate worker thread (4)
[component_container-3] (2026-05-13 18:32:33.065) [info] [ResetJointsPlugin.cc:149] Joint wrist_3_joint reset to initial position: 1.411
[component_container-3] (2026-05-13 18:32:33.066) [info] [ResetJointsPlugin.cc:149] Joint wrist_2_joint reset to initial position: 1.571
[component_container-3] (2026-05-13 18:32:33.066) [info] [ResetJointsPlugin.cc:149] Joint wrist_1_joint reset to initial position: -1.6933
[component_container-3] (2026-05-13 18:32:33.066) [info] [ResetJointsPlugin.cc:149] Joint elbow_joint reset to initial position: -1.6648
[component_container-3] (2026-05-13 18:32:33.066) [info] [ResetJointsPlugin.cc:149] Joint shoulder_lift_joint reset to initial position: -1.3542
[component_container-3] (2026-05-13 18:32:33.066) [info] [ResetJointsPlugin.cc:149] Joint shoulder_pan_joint reset to initial position: -0.1597
[component_container-3] (2026-05-13 18:32:33.066) [warning] [Physics.cc:2467] Found both JointVelocityReset and JointVelocityCmd components for Joint [shoulder_pan_joint(Entity=102]). Ignoring JointVelocityCmd component.
[component_container-3] (2026-05-13 18:32:33.066) [warning] [Physics.cc:2467] Found both JointVelocityReset and JointVelocityCmd components for Joint [shoulder_lift_joint(Entity=103]). Ignoring JointVelocityCmd component.
[component_container-3] (2026-05-13 18:32:33.066) [warning] [Physics.cc:2467] Found both JointVelocityReset and JointVelocityCmd components for Joint [elbow_joint(Entity=104]). Ignoring JointVelocityCmd component.
[component_container-3] (2026-05-13 18:32:33.066) [warning] [Physics.cc:2467] Found both JointVelocityReset and JointVelocityCmd components for Joint [wrist_1_joint(Entity=105]). Ignoring JointVelocityCmd component.
[component_container-3] (2026-05-13 18:32:33.066) [warning] [Physics.cc:2467] Found both JointVelocityReset and JointVelocityCmd components for Joint [wrist_2_joint(Entity=106]). Ignoring JointVelocityCmd component.
[component_container-3] (2026-05-13 18:32:33.066) [warning] [Physics.cc:2467] Found both JointVelocityReset and JointVelocityCmd components for Joint [wrist_3_joint(Entity=107]). Ignoring JointVelocityCmd component.
[component_container-3] [INFO] [1778722353.067369330] [controller_manager]: Activating controllers: [ aic_controller ]
[component_container-3] [INFO] [1778722353.067544266] [controller_manager]: Requested controller switch from non-realtime loop
[component_container-3] [INFO] [1778722353.067789293] [controller_manager]: Activated controllers: [ aic_controller ]
[component_container-3] [INFO] [1778722353.067812659] [controller_manager]: Successfully switched controllers!
[aic_engine-6] [INFO] [1778722357.300109228] [aic_engine]: aic_controller activated successfully.
[aic_engine-6] [INFO] [1778722357.300196734] [aic_engine]: Successfully reset joints to home position, robot homed successfully.
[aic_engine-6] [INFO] [1778722357.300205559] [aic_engine]: Reset after trial completed.
[aic_engine-6] [WARN] [1778722357.300222907] [aic_engine]: [1;33m⚠ Trial 'trial_1' failed or was not completed. Score: 1.000000. Continuing to next trial...[0m
[aic_engine-6] [INFO] [1778722357.300235228] [aic_engine]:  
[aic_engine-6] [INFO] [1778722357.300239969] [aic_engine]: [1;33m━━━━━━━━━━━━━━━━━━━━━━━━━━━━━━━━━━━━━━━━[0m
[aic_engine-6] [INFO] [1778722357.300245696] [aic_engine]: [1;33m  Trial 2/3: trial_2[0m
[aic_engine-6] [INFO] [1778722357.300252016] [aic_engine]: [1;33m━━━━━━━━━━━━━━━━━━━━━━━━━━━━━━━━━━━━━━━━[0m
[aic_engine-6] [INFO] [1778722357.300257589] [aic_engine]: [1;36m→ Starting trial 'trial_2'...[0m
[aic_engine-6] [INFO] [1778722357.300265447] [aic_engine]: Checking participant model readiness...
[aic_engine-6] [INFO] [1778722357.300317542] [aic_engine]: Found 1 node(s) with name 'aic_model'. Checking if it is a lifecycle node...
[aic_engine-6] [INFO] [1778722357.300335966] [aic_engine]: Service '/aic_model/get_state' is available. Participant model discovered.
[aic_engine-6] [INFO] [1778722357.300347077] [aic_engine]: Transitioning model node 'aic_model' to transition 'activate'...
[aic_engine-6] [INFO] [1778722357.305119299] [aic_engine]: Successfully transition model node 'aic_model' to state 'activate'
[aic_engine-6] [INFO] [1778722357.305199954] [aic_engine]: [1;32m  ✓ Model Ready for trial 'trial_2'[0m
[aic_engine-6] [INFO] [1778722357.305211881] [aic_engine]: Checking required endpoints...
[aic_engine-6] [INFO] [1778722357.307252096] [aic_engine]: All required endpoints are available.
[aic_engine-6] [INFO] [1778722357.307344897] [aic_engine]: [1;32m  ✓ Endpoints Ready for trial 'trial_2'[0m
[aic_engine-6] [INFO] [1778722357.307358869] [aic_engine]: Readying simulator for trial 'trial_2'...
[aic_engine-6] [INFO] [1778722357.307368848] [aic_engine]: Spawning task board.
[component_container-3] (2026-05-13 18:32:41.724) [debug] [SdfEntityCreator.cc:547] Link has auto-inertial enabled: sc_port_0::sc_port_link
[component_container-3] (2026-05-13 18:32:41.724) [debug] [SdfEntityCreator.cc:549]   pose: 1.88554e-19 -0.00100271 0.000137321 0 0 0
[component_container-3] (2026-05-13 18:32:41.724) [debug] [SdfEntityCreator.cc:550]   mass: 0.04
[component_container-3] (2026-05-13 18:32:41.724) [debug] [SdfEntityCreator.cc:551]   ixx iyy izz: 1.86262e-06 5.50332e-06 6.55187e-06
[component_container-3] (2026-05-13 18:32:41.724) [debug] [SdfEntityCreator.cc:553]   ixy ixz iyz: -7.41324e-15 4.19415e-23 -5.5077e-09
[component_container-3] (2026-05-13 18:32:41.729) [debug] [SdfEntityCreator.cc:547] Link has auto-inertial enabled: nic_card_mount_1::nic_card_link
[component_container-3] (2026-05-13 18:32:41.730) [debug] [SdfEntityCreator.cc:549]   pose: 0.00150732 -0.00850988 0.00340281 0 0 0
[component_container-3] (2026-05-13 18:32:41.730) [debug] [SdfEntityCreator.cc:550]   mass: 0.15
[component_container-3] (2026-05-13 18:32:41.730) [debug] [SdfEntityCreator.cc:551]   ixx iyy izz: 0.000185176 4.95164e-05 0.000228127
[component_container-3] (2026-05-13 18:32:41.730) [debug] [SdfEntityCreator.cc:553]   ixy ixz iyz: -1.61776e-06 6.54063e-07 1.04636e-07
[component_container-3] (2026-05-13 18:32:41.738) [debug] [SystemManager.cc:80] Loaded system [gz::sim::systems::PosePublisher] for entity [423]
[component_container-3] (2026-05-13 18:32:41.739) [debug] [SystemManager.cc:80] Loaded system [gz::sim::systems::TouchPlugin] for entity [470]
[component_container-3] (2026-05-13 18:32:41.740) [debug] [SystemManager.cc:80] Loaded system [gz::sim::systems::TouchPlugin] for entity [493]
[component_container-3] (2026-05-13 18:32:41.740) [debug] [SystemManager.cc:80] Loaded system [gz::sim::systems::TouchPlugin] for entity [493]
[component_container-3] (2026-05-13 18:32:41.741) [debug] [UserCommands.cc:1108] Created entity [423] named [task_board]
[component_container-3] (2026-05-13 18:32:41.761) [info] [Contact.cc:125] Contact system publishing on world/aic_world/model/task_board/model/sc_port_0/link/sc_port_link/sensor/sc_port_sensor/contact
[component_container-3] (2026-05-13 18:32:41.762) [info] [Contact.cc:125] Contact system publishing on world/aic_world/model/task_board/model/nic_card_mount_1/link/nic_card_link/sensor/sfp_port_sensor/contact
[aic_engine-6] [INFO] [1778722361.765616391] [aic_engine]: Successfully spawned task_board as 'task_board'
[aic_engine-6] [INFO] [1778722361.765704332] [aic_engine]: Task board spawned successfully.
[component_container-3] (2026-05-13 18:32:41.772) [warning] [Component.hh:127] Trying to serialize component with data type [St10shared_ptrIN3sdf3v157ElementEE], which doesn't have `operator<<`. Component will not be serialized.
[component_container-3] [INFO] [1778722361.777482754] [gz_server]: InitializeCanonicalLinks
[component_container-3] (2026-05-13 18:32:41.786) [debug] [SimulationRunner.cc:600] Exiting postupdate worker thread (3)
[component_container-3] (2026-05-13 18:32:41.786) [debug] [SimulationRunner.cc:600] Exiting postupdate worker thread (1)
[component_container-3] (2026-05-13 18:32:41.786) [debug] [SimulationRunner.cc:600] Exiting postupdate worker thread (2)
[component_container-3] (2026-05-13 18:32:41.786) [debug] [SimulationRunner.cc:600] Exiting postupdate worker thread (0)
[component_container-3] (2026-05-13 18:32:41.788) [debug] [SimulationRunner.cc:600] Exiting postupdate worker thread (4)
[component_container-3] [INFO] [1778722361.788352176] [aic_controller]: Received service request to tare force torque sensor!
[component_container-3] [INFO] [1778722361.788474188] [aic_controller]: Successfully tared force torque sensor.
[component_container-3] (2026-05-13 18:32:41.807) [debug] [SimulationRunner.cc:573] Creating PostUpdate worker threads: 10
[component_container-3] (2026-05-13 18:32:41.807) [debug] [SimulationRunner.cc:584] Creating postupdate worker thread (0)
[component_container-3] (2026-05-13 18:32:41.807) [debug] [SimulationRunner.cc:584] Creating postupdate worker thread (1)
[component_container-3] (2026-05-13 18:32:41.807) [debug] [SimulationRunner.cc:584] Creating postupdate worker thread (2)
[component_container-3] (2026-05-13 18:32:41.807) [debug] [SimulationRunner.cc:584] Creating postupdate worker thread (3)
[component_container-3] (2026-05-13 18:32:41.807) [debug] [SimulationRunner.cc:584] Creating postupdate worker thread (4)
[component_container-3] (2026-05-13 18:32:41.807) [debug] [SimulationRunner.cc:584] Creating postupdate worker thread (5)
[component_container-3] (2026-05-13 18:32:41.807) [debug] [SimulationRunner.cc:584] Creating postupdate worker thread (6)
[component_container-3] (2026-05-13 18:32:41.808) [debug] [SimulationRunner.cc:584] Creating postupdate worker thread (7)
[component_container-3] (2026-05-13 18:32:41.808) [debug] [SimulationRunner.cc:584] Creating postupdate worker thread (8)
[component_container-3] (2026-05-13 18:32:41.810) [debug] [TouchPlugin.cc:267] Started touch plugin [sc_port_0/sc_port_base]
[component_container-3] (2026-05-13 18:32:41.810) [debug] [TouchPlugin.cc:267] Started touch plugin [nic_card_mount_1/sfp_port_0]
[aic_engine-6] [INFO] [1778722361.810486066] [aic_engine]: Spawning cable.
[aic_engine-6] [INFO] [1778722361.810677527] [aic_engine]: Spawning cable 'cable_0'...
[component_container-3] (2026-05-13 18:32:41.818) [debug] [TouchPlugin.cc:267] Started touch plugin [nic_card_mount_1/sfp_port_1]
[component_container-3] (2026-05-13 18:32:43.883) [debug] [SdfEntityCreator.cc:547] Link has auto-inertial enabled: cable_0::lc_plug_link
[component_container-3] (2026-05-13 18:32:43.883) [debug] [SdfEntityCreator.cc:549]   pose: 0 0.0197 0 0 0 0
[component_container-3] (2026-05-13 18:32:43.883) [debug] [SdfEntityCreator.cc:550]   mass: 0.01
[component_container-3] (2026-05-13 18:32:43.883) [debug] [SdfEntityCreator.cc:551]   ixx iyy izz: 8.49658e-09 9.96094e-08 1.06153e-07
[component_container-3] (2026-05-13 18:32:43.883) [debug] [SdfEntityCreator.cc:553]   ixy ixz iyz: 0 0 2.13837e-15
[component_container-3] (2026-05-13 18:32:43.884) [debug] [SdfEntityCreator.cc:547] Link has auto-inertial enabled: cable_0::sc_plug_link
[component_container-3] (2026-05-13 18:32:43.884) [debug] [SdfEntityCreator.cc:549]   pose: -0.00907511 4.9566e-05 8.71699e-06 0 0 0
[component_container-3] (2026-05-13 18:32:43.884) [debug] [SdfEntityCreator.cc:550]   mass: 0.04
[component_container-3] (2026-05-13 18:32:43.884) [debug] [SdfEntityCreator.cc:551]   ixx iyy izz: 2.12257e-06 7.17318e-06 8.85404e-06
[component_container-3] (2026-05-13 18:32:43.884) [debug] [SdfEntityCreator.cc:553]   ixy ixz iyz: 1.24369e-08 -3.73363e-09 1.72827e-11
[component_container-3] (2026-05-13 18:32:43.884) [debug] [SdfEntityCreator.cc:547] Link has auto-inertial enabled: cable_0::sfp_module_link
[component_container-3] (2026-05-13 18:32:43.884) [debug] [SdfEntityCreator.cc:549]   pose: 0.00024115 0.00702224 0.000553372 0 0 0
[component_container-3] (2026-05-13 18:32:43.884) [debug] [SdfEntityCreator.cc:550]   mass: 0.02
[component_container-3] (2026-05-13 18:32:43.884) [debug] [SdfEntityCreator.cc:551]   ixx iyy izz: 2.81022e-06 5.74024e-07 3.07134e-06
[component_container-3] (2026-05-13 18:32:43.884) [debug] [SdfEntityCreator.cc:553]   ixy ixz iyz: 2.90452e-08 2.66891e-09 9.66165e-08
[component_container-3] (2026-05-13 18:32:43.887) [debug] [CablePlugin.cc:86] aic_gazebo::CablePlugin::Configure on entity: 547
[component_container-3] (2026-05-13 18:32:43.888) [info] [CablePlugin.cc:150] Cable transitioning to HARNESS state.
[component_container-3] (2026-05-13 18:32:43.888) [debug] [SystemManager.cc:80] Loaded system [aic_gazebo::CablePlugin] for entity [547]
[component_container-3] (2026-05-13 18:32:43.889) [debug] [SystemManager.cc:80] Loaded system [gz::sim::systems::PosePublisher] for entity [547]
[component_container-3] (2026-05-13 18:32:43.889) [debug] [UserCommands.cc:1108] Created entity [547] named [cable_0]
[aic_engine-6] [INFO] [1778722363.897094442] [aic_engine]: Successfully spawned cable_0 as 'cable_0'
[aic_engine-6] [INFO] [1778722363.897186094] [aic_engine]: Cable cable_0 spawned successfully.
[component_container-3] [INFO] [1778722363.903251567] [gz_server]: InitializeCanonicalLinks
[component_container-3] (2026-05-13 18:32:44.867) [debug] [SimulationRunner.cc:600] Exiting postupdate worker thread (1)
[component_container-3] (2026-05-13 18:32:44.867) [debug] [SimulationRunner.cc:600] Exiting postupdate worker thread (7)
[component_container-3] (2026-05-13 18:32:44.867) [debug] [SimulationRunner.cc:600] Exiting postupdate worker thread (4)
[component_container-3] (2026-05-13 18:32:44.867) [debug] [SimulationRunner.cc:600] Exiting postupdate worker thread (2)
[component_container-3] (2026-05-13 18:32:44.867) [debug] [SimulationRunner.cc:600] Exiting postupdate worker thread (5)
[component_container-3] (2026-05-13 18:32:44.867) [debug] [SimulationRunner.cc:600] Exiting postupdate worker thread (6)
[component_container-3] (2026-05-13 18:32:44.867) [debug] [SimulationRunner.cc:600] Exiting postupdate worker thread (3)
[component_container-3] (2026-05-13 18:32:44.867) [debug] [SimulationRunner.cc:600] Exiting postupdate worker thread (8)
[component_container-3] (2026-05-13 18:32:44.867) [debug] [SimulationRunner.cc:600] Exiting postupdate worker thread (0)
[component_container-3] (2026-05-13 18:32:44.868) [debug] [SimulationRunner.cc:573] Creating PostUpdate worker threads: 12
[component_container-3] (2026-05-13 18:32:44.868) [debug] [SimulationRunner.cc:584] Creating postupdate worker thread (0)
[component_container-3] (2026-05-13 18:32:44.868) [debug] [SimulationRunner.cc:584] Creating postupdate worker thread (1)
[component_container-3] (2026-05-13 18:32:44.869) [debug] [SimulationRunner.cc:584] Creating postupdate worker thread (2)
[component_container-3] (2026-05-13 18:32:44.869) [debug] [SimulationRunner.cc:584] Creating postupdate worker thread (3)
[component_container-3] (2026-05-13 18:32:44.869) [debug] [SimulationRunner.cc:584] Creating postupdate worker thread (4)
[component_container-3] (2026-05-13 18:32:44.869) [debug] [SimulationRunner.cc:584] Creating postupdate worker thread (5)
[component_container-3] (2026-05-13 18:32:44.869) [debug] [SimulationRunner.cc:584] Creating postupdate worker thread (6)
[component_container-3] (2026-05-13 18:32:44.869) [debug] [SimulationRunner.cc:584] Creating postupdate worker thread (7)
[component_container-3] (2026-05-13 18:32:44.869) [debug] [SimulationRunner.cc:584] Creating postupdate worker thread (8)
[component_container-3] (2026-05-13 18:32:44.869) [debug] [SimulationRunner.cc:584] Creating postupdate worker thread (9)
[component_container-3] (2026-05-13 18:32:44.869) [debug] [SimulationRunner.cc:584] Creating postupdate worker thread (10)
[component_container-3] (2026-05-13 18:32:44.871) [info] [CablePlugin.cc:201] Cable transitioning to WAITING state.
[component_container-3] (2026-05-13 18:32:44.871) [info] [CablePlugin.cc:213] Cable transitioning to CREATE_CONNECTIONS state.
[component_container-3] (2026-05-13 18:32:44.872) [debug] [Physics.cc:2015] Creating detachable joint [723]
[component_container-3] (2026-05-13 18:32:44.872) [debug] [Physics.cc:2015] Creating detachable joint [726]
[component_container-3] (2026-05-13 18:32:44.874) [debug] [Physics.cc:2136] Detaching joint [723]
[component_container-3] (2026-05-13 18:32:44.874) [debug] [Physics.cc:2136] Detaching joint [726]
[component_container-3] (2026-05-13 18:32:44.878) [info] [CablePlugin.cc:247] Cable transitioning to CABLE_ATTACHED_TO_GRIPPER state.
[component_container-3] [INFO] [1778722364.878574854] [gz_server]: InitializeCanonicalLinks
[component_container-3] (2026-05-13 18:32:44.879) [debug] [Physics.cc:2015] Creating detachable joint [727]
[aic_engine-6] [INFO] [1778722382.073913102] [aic_engine]: Waiting for robot arm to stabilize.
[aic_engine-6] [INFO] [1778722645.541653751] [aic_engine]: [1;32m  ✓ Simulator Ready for trial 'trial_2'[0m
[aic_engine-6] [INFO] [1778722645.541763049] [aic_engine]: Checking scoring system readiness...
[aic_engine-6] [INFO] [1778722664.249256440] [aic_engine]: Started recording to '/home/ashutokumar/aic_results/cc15c_recovery_20260513_182000/bag_trial_2_20260513_183725_541'.
[aic_engine-6] [INFO] [1778722664.249392746] [aic_engine]: [1;32m  ✓ Scoring Ready for trial 'trial_2'[0m
[aic_engine-6] [INFO] [1778722664.249427347] [aic_engine]: Starting tasks for active trial...
[aic_engine-6] [INFO] [1778722664.249469066] [aic_engine]: Sending InsertCable goal for task [task_1]
[aic_engine-6] [INFO] [1778722664.260750180] [aic_engine]: TrialState: TasksExecuting
[aic_engine-6] [INFO] [1778722664.260955004] [aic_engine]: Waiting for result...
[aic_engine-6] [INFO] [1778722841.785163338] [aic_engine]: Task [task_1] failed: 
[aic_engine-6] [INFO] [1778722841.785305118] [aic_engine]: [1;36m  ⟳ Tasks Executing for trial 'trial_2'...[0m
[aic_engine-6] [INFO] [1778722841.785313271] [aic_engine]: Checking if all tasks were completed successfully...
[aic_engine-6] [ERROR] [1778722841.785319110] [aic_engine]: There are still pending tasks in the active trial.
[aic_engine-6] [ERROR] [1778722841.785380458] [aic_engine]: [1;31m  ✗ Tasks were not completed successfully for trial 'trial_2'[0m
[aic_engine-6] [INFO] [1778722858.948020562] [aic_engine]: Finished scoring trial, total score is: 1.000000
[aic_engine-6] [INFO] [1778722858.948139287] [aic_engine]: Resetting after trial completion...
[aic_engine-6] [INFO] [1778722858.948155922] [aic_engine]: Transitioning model node 'aic_model' to transition 'deactivate'...
[aic_engine-6] [INFO] [1778722858.952456906] [aic_engine]: Successfully transition model node 'aic_model' to state 'deactivate'
[aic_engine-6] [ERROR] [1778722863.954871438] [aic_engine]: Failed to delete entity 'task_board': Error while trying to remove entity
[component_container-3] (2026-05-13 18:41:06.783) [debug] [UserCommands.cc:1158] Requesting removal of entity [423]
[component_container-3] (2026-05-13 18:41:06.785) [debug] [UserCommands.cc:1158] Requesting removal of entity [547]
[component_container-3] (2026-05-13 18:41:06.787) [info] [CablePlugin.cc:162] Cable transitioning to CABLE_REMOVED state.
[aic_engine-6] [INFO] [1778722866.788049457] [aic_engine]: Successfully deleted entity 'cable_0'
[aic_engine-6] [INFO] [1778722866.788098122] [aic_engine]: Homing robot to initial positions...
[component_container-3] [INFO] [1778722866.788632320] [controller_manager]: Deactivating controllers: [ aic_controller ]
[component_container-3] [INFO] [1778722866.788770807] [controller_manager]: Requested controller switch from non-realtime loop
[component_container-3] [INFO] [1778722866.788923505] [controller_manager]: Deactivated controllers: [ aic_controller ]
[component_container-3] [INFO] [1778722866.788931292] [controller_manager]: Successfully switched controllers!
[component_container-3] (2026-05-13 18:41:06.789) [debug] [Physics.cc:2136] Detaching joint [727]
[aic_engine-6] [INFO] [1778722866.797611651] [aic_engine]: aic_controller deactivated successfully.
[component_container-3] (2026-05-13 18:41:06.798) [info] [ResetJointsPlugin.cc:105] Received reset request for joint: shoulder_pan_joint
[component_container-3] (2026-05-13 18:41:06.798) [info] [ResetJointsPlugin.cc:105] Received reset request for joint: shoulder_lift_joint
[component_container-3] (2026-05-13 18:41:06.798) [info] [ResetJointsPlugin.cc:105] Received reset request for joint: elbow_joint
[component_container-3] (2026-05-13 18:41:06.798) [info] [ResetJointsPlugin.cc:105] Received reset request for joint: wrist_1_joint
[component_container-3] (2026-05-13 18:41:06.798) [info] [ResetJointsPlugin.cc:105] Received reset request for joint: wrist_2_joint
[component_container-3] (2026-05-13 18:41:06.798) [info] [ResetJointsPlugin.cc:105] Received reset request for joint: wrist_3_joint
[component_container-3] (2026-05-13 18:41:07.011) [debug] [SimulationRunner.cc:600] Exiting postupdate worker thread (3)
[component_container-3] (2026-05-13 18:41:07.011) [debug] [SimulationRunner.cc:600] Exiting postupdate worker thread (1)
[component_container-3] (2026-05-13 18:41:07.014) [debug] [SimulationRunner.cc:600] Exiting postupdate worker thread (0)
[component_container-3] (2026-05-13 18:41:07.014) [debug] [SimulationRunner.cc:600] Exiting postupdate worker thread (7)
[component_container-3] (2026-05-13 18:41:07.014) [debug] [SimulationRunner.cc:600] Exiting postupdate worker thread (8)
[component_container-3] (2026-05-13 18:41:07.014) [debug] [SimulationRunner.cc:600] Exiting postupdate worker thread (10)
[component_container-3] (2026-05-13 18:41:07.014) [debug] [SimulationRunner.cc:600] Exiting postupdate worker thread (9)
[component_container-3] (2026-05-13 18:41:07.014) [debug] [SimulationRunner.cc:600] Exiting postupdate worker thread (4)
[component_container-3] (2026-05-13 18:41:07.017) [debug] [SimulationRunner.cc:600] Exiting postupdate worker thread (2)
[component_container-3] (2026-05-13 18:41:07.018) [debug] [SimulationRunner.cc:600] Exiting postupdate worker thread (5)
[component_container-3] (2026-05-13 18:41:07.018) [debug] [SimulationRunner.cc:600] Exiting postupdate worker thread (6)
[component_container-3] (2026-05-13 18:41:07.031) [debug] [SimulationRunner.cc:573] Creating PostUpdate worker threads: 6
[component_container-3] (2026-05-13 18:41:07.032) [debug] [SimulationRunner.cc:584] Creating postupdate worker thread (0)
[component_container-3] (2026-05-13 18:41:07.032) [debug] [SimulationRunner.cc:584] Creating postupdate worker thread (1)
[component_container-3] (2026-05-13 18:41:07.032) [debug] [SimulationRunner.cc:584] Creating postupdate worker thread (2)
[component_container-3] (2026-05-13 18:41:07.032) [debug] [SimulationRunner.cc:584] Creating postupdate worker thread (3)
[component_container-3] (2026-05-13 18:41:07.033) [debug] [SimulationRunner.cc:584] Creating postupdate worker thread (4)
[component_container-3] (2026-05-13 18:42:25.652) [info] [ResetJointsPlugin.cc:149] Joint wrist_3_joint reset to initial position: 1.411
[component_container-3] (2026-05-13 18:42:25.657) [info] [ResetJointsPlugin.cc:149] Joint wrist_2_joint reset to initial position: 1.571
[component_container-3] (2026-05-13 18:42:25.657) [info] [ResetJointsPlugin.cc:149] Joint wrist_1_joint reset to initial position: -1.6933
[component_container-3] (2026-05-13 18:42:25.657) [info] [ResetJointsPlugin.cc:149] Joint elbow_joint reset to initial position: -1.6648
[component_container-3] (2026-05-13 18:42:25.657) [info] [ResetJointsPlugin.cc:149] Joint shoulder_lift_joint reset to initial position: -1.3542
[component_container-3] (2026-05-13 18:42:25.657) [info] [ResetJointsPlugin.cc:149] Joint shoulder_pan_joint reset to initial position: -0.1597
[component_container-3] (2026-05-13 18:42:25.657) [warning] [Physics.cc:2467] Found both JointVelocityReset and JointVelocityCmd components for Joint [shoulder_pan_joint(Entity=102]). Ignoring JointVelocityCmd component.
[component_container-3] (2026-05-13 18:42:25.657) [warning] [Physics.cc:2467] Found both JointVelocityReset and JointVelocityCmd components for Joint [shoulder_lift_joint(Entity=103]). Ignoring JointVelocityCmd component.
[component_container-3] (2026-05-13 18:42:25.657) [warning] [Physics.cc:2467] Found both JointVelocityReset and JointVelocityCmd components for Joint [elbow_joint(Entity=104]). Ignoring JointVelocityCmd component.
[component_container-3] (2026-05-13 18:42:25.657) [warning] [Physics.cc:2467] Found both JointVelocityReset and JointVelocityCmd components for Joint [wrist_1_joint(Entity=105]). Ignoring JointVelocityCmd component.
[component_container-3] (2026-05-13 18:42:25.657) [warning] [Physics.cc:2467] Found both JointVelocityReset and JointVelocityCmd components for Joint [wrist_2_joint(Entity=106]). Ignoring JointVelocityCmd component.
[component_container-3] (2026-05-13 18:42:25.657) [warning] [Physics.cc:2467] Found both JointVelocityReset and JointVelocityCmd components for Joint [wrist_3_joint(Entity=107]). Ignoring JointVelocityCmd component.
[component_container-3] [INFO] [1778722945.679136141] [controller_manager]: Activating controllers: [ aic_controller ]
[component_container-3] [INFO] [1778722945.681114791] [controller_manager]: Requested controller switch from non-realtime loop
[component_container-3] [INFO] [1778722945.681388037] [controller_manager]: Activated controllers: [ aic_controller ]
[component_container-3] [INFO] [1778722945.681406251] [controller_manager]: Successfully switched controllers!
[aic_engine-6] [INFO] [1778722950.336085517] [aic_engine]: aic_controller activated successfully.
[aic_engine-6] [INFO] [1778722950.336184278] [aic_engine]: Successfully reset joints to home position, robot homed successfully.
[aic_engine-6] [INFO] [1778722950.336199516] [aic_engine]: Reset after trial completed.
[aic_engine-6] [WARN] [1778722950.336245516] [aic_engine]: [1;33m⚠ Trial 'trial_2' failed or was not completed. Score: 1.000000. Continuing to next trial...[0m
[aic_engine-6] [INFO] [1778722950.336266985] [aic_engine]:  
[aic_engine-6] [INFO] [1778722950.336274800] [aic_engine]: [1;33m━━━━━━━━━━━━━━━━━━━━━━━━━━━━━━━━━━━━━━━━[0m
[aic_engine-6] [INFO] [1778722950.336284755] [aic_engine]: [1;33m  Trial 3/3: trial_3[0m
[aic_engine-6] [INFO] [1778722950.336293495] [aic_engine]: [1;33m━━━━━━━━━━━━━━━━━━━━━━━━━━━━━━━━━━━━━━━━[0m
[aic_engine-6] [INFO] [1778722950.336302649] [aic_engine]: [1;36m→ Starting trial 'trial_3'...[0m
[aic_engine-6] [INFO] [1778722950.336311443] [aic_engine]: Checking participant model readiness...
[aic_engine-6] [INFO] [1778722950.336364297] [aic_engine]: Found 1 node(s) with name 'aic_model'. Checking if it is a lifecycle node...
[aic_engine-6] [INFO] [1778722950.336384405] [aic_engine]: Service '/aic_model/get_state' is available. Participant model discovered.
[aic_engine-6] [INFO] [1778722950.336398257] [aic_engine]: Transitioning model node 'aic_model' to transition 'activate'...
[aic_engine-6] [INFO] [1778722950.354614819] [aic_engine]: Successfully transition model node 'aic_model' to state 'activate'
[aic_engine-6] [INFO] [1778722950.354716744] [aic_engine]: [1;32m  ✓ Model Ready for trial 'trial_3'[0m
[aic_engine-6] [INFO] [1778722950.354731458] [aic_engine]: Checking required endpoints...
[aic_engine-6] [INFO] [1778722950.366532750] [aic_engine]: All required endpoints are available.
[aic_engine-6] [INFO] [1778722950.366627938] [aic_engine]: [1;32m  ✓ Endpoints Ready for trial 'trial_3'[0m
[aic_engine-6] [INFO] [1778722950.366642292] [aic_engine]: Readying simulator for trial 'trial_3'...
[aic_engine-6] [INFO] [1778722950.366652675] [aic_engine]: Spawning task board.
[component_container-3] (2026-05-13 18:42:35.008) [debug] [SdfEntityCreator.cc:547] Link has auto-inertial enabled: sc_port_1::sc_port_link
[component_container-3] (2026-05-13 18:42:35.008) [debug] [SdfEntityCreator.cc:549]   pose: 1.88554e-19 -0.00100271 0.000137321 0 0 0
[component_container-3] (2026-05-13 18:42:35.008) [debug] [SdfEntityCreator.cc:550]   mass: 0.04
[component_container-3] (2026-05-13 18:42:35.008) [debug] [SdfEntityCreator.cc:551]   ixx iyy izz: 1.86262e-06 5.50332e-06 6.55187e-06
[component_container-3] (2026-05-13 18:42:35.008) [debug] [SdfEntityCreator.cc:553]   ixy ixz iyz: -7.41324e-15 4.19415e-23 -5.5077e-09
[component_container-3] (2026-05-13 18:42:35.010) [debug] [SystemManager.cc:80] Loaded system [gz::sim::systems::PosePublisher] for entity [728]
[component_container-3] (2026-05-13 18:42:35.011) [debug] [SystemManager.cc:80] Loaded system [gz::sim::systems::TouchPlugin] for entity [765]
[component_container-3] (2026-05-13 18:42:35.011) [debug] [UserCommands.cc:1108] Created entity [728] named [task_board]
[component_container-3] (2026-05-13 18:42:35.022) [info] [Contact.cc:125] Contact system publishing on world/aic_world/model/task_board/model/sc_port_1/link/sc_port_link/sensor/sc_port_sensor/contact
[aic_engine-6] [INFO] [1778722955.023104916] [aic_engine]: Successfully spawned task_board as 'task_board'
[aic_engine-6] [INFO] [1778722955.023185695] [aic_engine]: Task board spawned successfully.
[component_container-3] [INFO] [1778722955.023808234] [aic_controller]: Received service request to tare force torque sensor!
[component_container-3] [INFO] [1778722955.023869895] [aic_controller]: Successfully tared force torque sensor.
[aic_engine-6] [INFO] [1778722955.024353240] [aic_engine]: Spawning cable.
[aic_engine-6] [INFO] [1778722955.024462624] [aic_engine]: Spawning cable 'cable_1'...
[component_container-3] [INFO] [1778722955.026999337] [gz_server]: InitializeCanonicalLinks
[component_container-3] (2026-05-13 18:42:35.029) [debug] [SimulationRunner.cc:600] Exiting postupdate worker thread (2)
[component_container-3] (2026-05-13 18:42:35.029) [debug] [SimulationRunner.cc:600] Exiting postupdate worker thread (1)
[component_container-3] (2026-05-13 18:42:35.029) [debug] [SimulationRunner.cc:600] Exiting postupdate worker thread (3)
[component_container-3] (2026-05-13 18:42:35.029) [debug] [SimulationRunner.cc:600] Exiting postupdate worker thread (4)
[component_container-3] (2026-05-13 18:42:35.029) [debug] [SimulationRunner.cc:600] Exiting postupdate worker thread (0)
[component_container-3] (2026-05-13 18:42:35.030) [debug] [SimulationRunner.cc:573] Creating PostUpdate worker threads: 8
[component_container-3] (2026-05-13 18:42:35.030) [debug] [SimulationRunner.cc:584] Creating postupdate worker thread (0)
[component_container-3] (2026-05-13 18:42:35.030) [debug] [SimulationRunner.cc:584] Creating postupdate worker thread (1)
[component_container-3] (2026-05-13 18:42:35.030) [debug] [SimulationRunner.cc:584] Creating postupdate worker thread (2)
[component_container-3] (2026-05-13 18:42:35.030) [debug] [SimulationRunner.cc:584] Creating postupdate worker thread (3)
[component_container-3] (2026-05-13 18:42:35.030) [debug] [SimulationRunner.cc:584] Creating postupdate worker thread (4)
[component_container-3] (2026-05-13 18:42:35.030) [debug] [SimulationRunner.cc:584] Creating postupdate worker thread (5)
[component_container-3] (2026-05-13 18:42:35.030) [debug] [SimulationRunner.cc:584] Creating postupdate worker thread (6)
[component_container-3] (2026-05-13 18:42:35.031) [debug] [TouchPlugin.cc:267] Started touch plugin [sc_port_1/sc_port_base]
[component_container-3] (2026-05-13 18:42:38.498) [debug] [SdfEntityCreator.cc:547] Link has auto-inertial enabled: cable_1::sc_plug_link
[component_container-3] (2026-05-13 18:42:38.500) [debug] [SdfEntityCreator.cc:549]   pose: -0.00907511 4.9566e-05 8.71699e-06 0 0 0
[component_container-3] (2026-05-13 18:42:38.500) [debug] [SdfEntityCreator.cc:550]   mass: 0.04
[component_container-3] (2026-05-13 18:42:38.500) [debug] [SdfEntityCreator.cc:551]   ixx iyy izz: 2.12257e-06 7.17318e-06 8.85404e-06
[component_container-3] (2026-05-13 18:42:38.500) [debug] [SdfEntityCreator.cc:553]   ixy ixz iyz: 1.24369e-08 -3.73363e-09 1.72827e-11
[component_container-3] (2026-05-13 18:42:38.500) [debug] [SdfEntityCreator.cc:547] Link has auto-inertial enabled: cable_1::lc_plug_link
[component_container-3] (2026-05-13 18:42:38.500) [debug] [SdfEntityCreator.cc:549]   pose: 0 -0.00428702 8.58528e-05 0 0 0
[component_container-3] (2026-05-13 18:42:38.501) [debug] [SdfEntityCreator.cc:550]   mass: 0.01
[component_container-3] (2026-05-13 18:42:38.501) [debug] [SdfEntityCreator.cc:551]   ixx iyy izz: 1.73585e-06 1.30886e-07 1.82579e-06
[component_container-3] (2026-05-13 18:42:38.501) [debug] [SdfEntityCreator.cc:553]   ixy ixz iyz: -3.13192e-14 3.63653e-15 -5.82954e-09
[component_container-3] (2026-05-13 18:42:38.503) [debug] [SdfEntityCreator.cc:547] Link has auto-inertial enabled: cable_1::sfp_module_link
[component_container-3] (2026-05-13 18:42:38.503) [debug] [SdfEntityCreator.cc:549]   pose: 0.000140388 0.0140944 0.000755794 0 0 0
[component_container-3] (2026-05-13 18:42:38.503) [debug] [SdfEntityCreator.cc:550]   mass: 0.02
[component_container-3] (2026-05-13 18:42:38.503) [debug] [SdfEntityCreator.cc:551]   ixx iyy izz: 3.52972e-06 5.95336e-07 3.76244e-06
[component_container-3] (2026-05-13 18:42:38.503) [debug] [SdfEntityCreator.cc:553]   ixy ixz iyz: 3.87677e-08 3.1005e-09 9.04204e-09
[component_container-3] (2026-05-13 18:42:38.508) [debug] [CablePlugin.cc:86] aic_gazebo::CablePlugin::Configure on entity: 788
[component_container-3] (2026-05-13 18:42:38.510) [info] [CablePlugin.cc:150] Cable transitioning to HARNESS state.
[component_container-3] (2026-05-13 18:42:38.510) [debug] [SystemManager.cc:80] Loaded system [aic_gazebo::CablePlugin] for entity [788]
[component_container-3] (2026-05-13 18:42:38.512) [debug] [SystemManager.cc:80] Loaded system [gz::sim::systems::PosePublisher] for entity [788]
[component_container-3] (2026-05-13 18:42:38.513) [debug] [UserCommands.cc:1108] Created entity [788] named [cable_1]
[aic_engine-6] [INFO] [1778722958.525063565] [aic_engine]: Successfully spawned cable_1 as 'cable_1'
[aic_engine-6] [INFO] [1778722958.525155791] [aic_engine]: Cable cable_1 spawned successfully.
[component_container-3] [INFO] [1778722958.538284184] [gz_server]: InitializeCanonicalLinks
[component_container-3] (2026-05-13 18:42:39.247) [debug] [SimulationRunner.cc:600] Exiting postupdate worker thread (4)
[component_container-3] (2026-05-13 18:42:39.247) [debug] [SimulationRunner.cc:600] Exiting postupdate worker thread (6)
[component_container-3] (2026-05-13 18:42:39.247) [debug] [SimulationRunner.cc:600] Exiting postupdate worker thread (3)
[component_container-3] (2026-05-13 18:42:39.247) [debug] [SimulationRunner.cc:600] Exiting postupdate worker thread (5)
[component_container-3] (2026-05-13 18:42:39.247) [debug] [SimulationRunner.cc:600] Exiting postupdate worker thread (1)
[component_container-3] (2026-05-13 18:42:39.247) [debug] [SimulationRunner.cc:600] Exiting postupdate worker thread (0)
[component_container-3] (2026-05-13 18:42:39.247) [debug] [SimulationRunner.cc:600] Exiting postupdate worker thread (2)
[component_container-3] (2026-05-13 18:42:39.248) [debug] [SimulationRunner.cc:573] Creating PostUpdate worker threads: 10
[component_container-3] (2026-05-13 18:42:39.248) [debug] [SimulationRunner.cc:584] Creating postupdate worker thread (0)
[component_container-3] (2026-05-13 18:42:39.248) [debug] [SimulationRunner.cc:584] Creating postupdate worker thread (1)
[component_container-3] (2026-05-13 18:42:39.248) [debug] [SimulationRunner.cc:584] Creating postupdate worker thread (2)
[component_container-3] (2026-05-13 18:42:39.248) [debug] [SimulationRunner.cc:584] Creating postupdate worker thread (3)
[component_container-3] (2026-05-13 18:42:39.248) [debug] [SimulationRunner.cc:584] Creating postupdate worker thread (4)
[component_container-3] (2026-05-13 18:42:39.248) [debug] [SimulationRunner.cc:584] Creating postupdate worker thread (5)
[component_container-3] (2026-05-13 18:42:39.248) [debug] [SimulationRunner.cc:584] Creating postupdate worker thread (6)
[component_container-3] (2026-05-13 18:42:39.248) [debug] [SimulationRunner.cc:584] Creating postupdate worker thread (7)
[component_container-3] (2026-05-13 18:42:39.248) [debug] [SimulationRunner.cc:584] Creating postupdate worker thread (8)
[component_container-3] (2026-05-13 18:42:39.250) [info] [CablePlugin.cc:201] Cable transitioning to WAITING state.
[component_container-3] (2026-05-13 18:42:39.250) [info] [CablePlugin.cc:213] Cable transitioning to CREATE_CONNECTIONS state.
[component_container-3] (2026-05-13 18:42:39.251) [debug] [Physics.cc:2015] Creating detachable joint [986]
[component_container-3] (2026-05-13 18:42:39.251) [debug] [Physics.cc:2015] Creating detachable joint [989]
[component_container-3] (2026-05-13 18:42:39.258) [debug] [Physics.cc:2136] Detaching joint [986]
[component_container-3] (2026-05-13 18:42:39.258) [debug] [Physics.cc:2136] Detaching joint [989]
[component_container-3] [INFO] [1778722959.260108154] [gz_server]: InitializeCanonicalLinks
[component_container-3] (2026-05-13 18:42:39.266) [info] [CablePlugin.cc:247] Cable transitioning to CABLE_ATTACHED_TO_GRIPPER state.
[component_container-3] (2026-05-13 18:42:39.266) [debug] [Physics.cc:2015] Creating detachable joint [990]
[aic_engine-6] [INFO] [1778722973.166172428] [aic_engine]: Waiting for robot arm to stabilize.
[aic_engine-6] [INFO] [1778723187.304491713] [aic_engine]: [1;32m  ✓ Simulator Ready for trial 'trial_3'[0m
[aic_engine-6] [INFO] [1778723187.304609747] [aic_engine]: Checking scoring system readiness...
[aic_engine-6] [INFO] [1778723207.381029916] [aic_engine]: Started recording to '/home/ashutokumar/aic_results/cc15c_recovery_20260513_182000/bag_trial_3_20260513_184627_304'.
[aic_engine-6] [INFO] [1778723207.381170195] [aic_engine]: [1;32m  ✓ Scoring Ready for trial 'trial_3'[0m
[aic_engine-6] [INFO] [1778723207.381188814] [aic_engine]: Starting tasks for active trial...
[aic_engine-6] [INFO] [1778723207.381204678] [aic_engine]: Sending InsertCable goal for task [task_1]
[aic_engine-6] [INFO] [1778723207.433634306] [aic_engine]: TrialState: TasksExecuting
[aic_engine-6] [INFO] [1778723207.433971202] [aic_engine]: Waiting for result...
[aic_engine-6] [INFO] [1778723353.828418058] [aic_engine]: Task [task_1] failed: 
[aic_engine-6] [INFO] [1778723353.828538200] [aic_engine]: [1;36m  ⟳ Tasks Executing for trial 'trial_3'...[0m
[aic_engine-6] [INFO] [1778723353.828548184] [aic_engine]: Checking if all tasks were completed successfully...
[aic_engine-6] [ERROR] [1778723353.828555135] [aic_engine]: There are still pending tasks in the active trial.
[aic_engine-6] [ERROR] [1778723353.828626629] [aic_engine]: [1;31m  ✗ Tasks were not completed successfully for trial 'trial_3'[0m
[aic_engine-6] [INFO] [1778723372.438006092] [aic_engine]: Finished scoring trial, total score is: 1.000000
[aic_engine-6] [INFO] [1778723372.439239216] [aic_engine]: Resetting after trial completion...
[aic_engine-6] [INFO] [1778723372.439281818] [aic_engine]: Transitioning model node 'aic_model' to transition 'deactivate'...
[aic_engine-6] [INFO] [1778723372.476011107] [aic_engine]: Successfully transition model node 'aic_model' to state 'deactivate'
[aic_engine-6] [ERROR] [1778723373.823399926] [aic_engine]: Failed to delete entity 'task_board': Error while trying to remove entity
[aic_engine-6] [ERROR] [1778723378.836544542] [aic_engine]: Failed to delete entity 'cable_1': Error while trying to remove entity
[aic_engine-6] [INFO] [1778723378.836779505] [aic_engine]: Homing robot to initial positions...
[component_container-3] [INFO] [1778723378.837604422] [controller_manager]: Deactivating controllers: [ aic_controller ]
[component_container-3] [INFO] [1778723378.837936410] [controller_manager]: Requested controller switch from non-realtime loop
[component_container-3] [INFO] [1778723378.838284814] [controller_manager]: Deactivated controllers: [ aic_controller ]
[component_container-3] [INFO] [1778723378.838300625] [controller_manager]: Successfully switched controllers!
[component_container-3] (2026-05-13 18:49:39.619) [debug] [UserCommands.cc:1158] Requesting removal of entity [728]
[component_container-3] (2026-05-13 18:49:39.620) [debug] [UserCommands.cc:1158] Requesting removal of entity [788]
[component_container-3] (2026-05-13 18:49:39.622) [info] [CablePlugin.cc:162] Cable transitioning to CABLE_REMOVED state.
[component_container-3] (2026-05-13 18:49:39.624) [debug] [Physics.cc:2136] Detaching joint [990]
[aic_engine-6] [INFO] [1778723379.633113942] [aic_engine]: aic_controller deactivated successfully.
[component_container-3] (2026-05-13 18:49:39.634) [info] [ResetJointsPlugin.cc:105] Received reset request for joint: shoulder_pan_joint
[component_container-3] (2026-05-13 18:49:39.634) [info] [ResetJointsPlugin.cc:105] Received reset request for joint: shoulder_lift_joint
[component_container-3] (2026-05-13 18:49:39.634) [info] [ResetJointsPlugin.cc:105] Received reset request for joint: elbow_joint
[component_container-3] (2026-05-13 18:49:39.634) [info] [ResetJointsPlugin.cc:105] Received reset request for joint: wrist_1_joint
[component_container-3] (2026-05-13 18:49:39.634) [info] [ResetJointsPlugin.cc:105] Received reset request for joint: wrist_2_joint
[component_container-3] (2026-05-13 18:49:39.634) [info] [ResetJointsPlugin.cc:105] Received reset request for joint: wrist_3_joint
[component_container-3] (2026-05-13 18:49:39.738) [debug] [SimulationRunner.cc:600] Exiting postupdate worker thread (1)
[component_container-3] (2026-05-13 18:49:39.738) [debug] [SimulationRunner.cc:600] Exiting postupdate worker thread (5)
[component_container-3] (2026-05-13 18:49:39.739) [debug] [SimulationRunner.cc:600] Exiting postupdate worker thread (0)
[component_container-3] (2026-05-13 18:49:39.741) [debug] [SimulationRunner.cc:600] Exiting postupdate worker thread (2)
[component_container-3] (2026-05-13 18:49:39.741) [debug] [SimulationRunner.cc:600] Exiting postupdate worker thread (4)
[component_container-3] (2026-05-13 18:49:39.741) [debug] [SimulationRunner.cc:600] Exiting postupdate worker thread (8)
[component_container-3] (2026-05-13 18:49:39.741) [debug] [SimulationRunner.cc:600] Exiting postupdate worker thread (7)
[component_container-3] (2026-05-13 18:49:39.742) [debug] [SimulationRunner.cc:600] Exiting postupdate worker thread (3)
[component_container-3] (2026-05-13 18:49:39.745) [debug] [SimulationRunner.cc:600] Exiting postupdate worker thread (6)
[component_container-3] (2026-05-13 18:49:39.746) [debug] [SimulationRunner.cc:573] Creating PostUpdate worker threads: 6
[component_container-3] (2026-05-13 18:49:39.746) [debug] [SimulationRunner.cc:584] Creating postupdate worker thread (0)
[component_container-3] (2026-05-13 18:49:39.746) [debug] [SimulationRunner.cc:584] Creating postupdate worker thread (1)
[component_container-3] (2026-05-13 18:49:39.746) [debug] [SimulationRunner.cc:584] Creating postupdate worker thread (2)
[component_container-3] (2026-05-13 18:49:39.746) [debug] [SimulationRunner.cc:584] Creating postupdate worker thread (3)
[component_container-3] (2026-05-13 18:49:39.746) [debug] [SimulationRunner.cc:584] Creating postupdate worker thread (4)
[component_container-3] (2026-05-13 18:49:49.795) [info] [ResetJointsPlugin.cc:149] Joint wrist_3_joint reset to initial position: 1.411
[component_container-3] (2026-05-13 18:49:49.795) [info] [ResetJointsPlugin.cc:149] Joint wrist_2_joint reset to initial position: 1.571
[component_container-3] (2026-05-13 18:49:49.795) [info] [ResetJointsPlugin.cc:149] Joint wrist_1_joint reset to initial position: -1.6933
[component_container-3] (2026-05-13 18:49:49.795) [info] [ResetJointsPlugin.cc:149] Joint elbow_joint reset to initial position: -1.6648
[component_container-3] (2026-05-13 18:49:49.795) [info] [ResetJointsPlugin.cc:149] Joint shoulder_lift_joint reset to initial position: -1.3542
[component_container-3] (2026-05-13 18:49:49.795) [info] [ResetJointsPlugin.cc:149] Joint shoulder_pan_joint reset to initial position: -0.1597
[component_container-3] (2026-05-13 18:49:49.795) [warning] [Physics.cc:2467] Found both JointVelocityReset and JointVelocityCmd components for Joint [shoulder_pan_joint(Entity=102]). Ignoring JointVelocityCmd component.
[component_container-3] (2026-05-13 18:49:49.795) [warning] [Physics.cc:2467] Found both JointVelocityReset and JointVelocityCmd components for Joint [shoulder_lift_joint(Entity=103]). Ignoring JointVelocityCmd component.
[component_container-3] (2026-05-13 18:49:49.795) [warning] [Physics.cc:2467] Found both JointVelocityReset and JointVelocityCmd components for Joint [elbow_joint(Entity=104]). Ignoring JointVelocityCmd component.
[component_container-3] (2026-05-13 18:49:49.795) [warning] [Physics.cc:2467] Found both JointVelocityReset and JointVelocityCmd components for Joint [wrist_1_joint(Entity=105]). Ignoring JointVelocityCmd component.
[component_container-3] (2026-05-13 18:49:49.795) [warning] [Physics.cc:2467] Found both JointVelocityReset and JointVelocityCmd components for Joint [wrist_2_joint(Entity=106]). Ignoring JointVelocityCmd component.
[component_container-3] (2026-05-13 18:49:49.795) [warning] [Physics.cc:2467] Found both JointVelocityReset and JointVelocityCmd components for Joint [wrist_3_joint(Entity=107]). Ignoring JointVelocityCmd component.
[component_container-3] [INFO] [1778723389.799429985] [controller_manager]: Activating controllers: [ aic_controller ]
[component_container-3] [INFO] [1778723389.799702325] [controller_manager]: Requested controller switch from non-realtime loop
[component_container-3] [INFO] [1778723389.799924407] [controller_manager]: Activated controllers: [ aic_controller ]
[component_container-3] [INFO] [1778723389.799945156] [controller_manager]: Successfully switched controllers!
[aic_engine-6] [INFO] [1778723395.092104145] [aic_engine]: aic_controller activated successfully.
[aic_engine-6] [INFO] [1778723395.092192522] [aic_engine]: Successfully reset joints to home position, robot homed successfully.
[aic_engine-6] [INFO] [1778723395.092203189] [aic_engine]: Reset after trial completed.
[aic_engine-6] [WARN] [1778723395.092225133] [aic_engine]: [1;33m⚠ Trial 'trial_3' failed or was not completed. Score: 1.000000. Continuing to next trial...[0m
[aic_engine-6] [INFO] [1778723395.092244614] [aic_engine]: Transitioning model node 'aic_model' to transition 'cleanup'...
[aic_engine-6] [INFO] [1778723395.097636310] [aic_engine]: Successfully transition model node 'aic_model' to state 'cleanup'
[aic_engine-6] [INFO] [1778723395.097754999] [aic_engine]: Transitioning model node 'aic_model' to transition 'shutdown'...
[aic_engine-6] [INFO] [1778723395.113134744] [aic_engine]: Successfully transition model node 'aic_model' to state 'shutdown'
[aic_engine-6] [INFO] [1778723395.114573212] [aic_engine]:  
[aic_engine-6] [INFO] [1778723395.114645532] [aic_engine]: [1;32m╔════════════════════════════════════════╗[0m
[aic_engine-6] [INFO] [1778723395.114654630] [aic_engine]: [1;32m║   ✓ All Trials Processed!              ║[0m
[aic_engine-6] [INFO] [1778723395.114659961] [aic_engine]: [1;32m║   Successful: 0  Failed: 3             ║[0m
[aic_engine-6] [INFO] [1778723395.114667156] [aic_engine]: [1;32m║   Total Score: 3.000                     ║[0m
[aic_engine-6] [INFO] [1778723395.114682324] [aic_engine]: [1;32m╚════════════════════════════════════════╝[0m
[aic_engine-6] [INFO] [1778723395.114760610] [aic_engine]:  
[aic_engine-6] [INFO] [1778723395.115910450] [aic_engine]: [1;36m╔════════════════════════════════════════╗[0m
[aic_engine-6] [INFO] [1778723395.115960713] [aic_engine]: [1;36m║        Complete Scoring Results        ║[0m
[aic_engine-6] [INFO] [1778723395.115981983] [aic_engine]: [1;36m╚════════════════════════════════════════╝[0m
[aic_engine-6] [INFO] [1778723395.115994687] [aic_engine]: [1;36mtotal: 3[0m
[aic_engine-6] [INFO] [1778723395.116004844] [aic_engine]: [1;36mtrial_1:[0m
[aic_engine-6] [INFO] [1778723395.116013364] [aic_engine]: [1;36m  tier_1:[0m
[aic_engine-6] [INFO] [1778723395.116022628] [aic_engine]: [1;36m    score: 1[0m
[aic_engine-6] [INFO] [1778723395.116031621] [aic_engine]: [1;36m    message: Model validation succeeded.[0m
[aic_engine-6] [INFO] [1778723395.116040102] [aic_engine]: [1;36m  tier_2:[0m
[aic_engine-6] [INFO] [1778723395.116048358] [aic_engine]: [1;36m    score: 0[0m
[aic_engine-6] [INFO] [1778723395.116056684] [aic_engine]: [1;36m    message: Scoring succeeded.[0m
[aic_engine-6] [INFO] [1778723395.116064861] [aic_engine]: [1;36m    categories:[0m
[aic_engine-6] [INFO] [1778723395.116074309] [aic_engine]: [1;36m      contacts:[0m
[aic_engine-6] [INFO] [1778723395.116082683] [aic_engine]: [1;36m        score: 0[0m
[aic_engine-6] [INFO] [1778723395.116091194] [aic_engine]: [1;36m        message: No contact detected.[0m
[aic_engine-6] [INFO] [1778723395.116099862] [aic_engine]: [1;36m      duration:[0m
[aic_engine-6] [INFO] [1778723395.116108706] [aic_engine]: [1;36m        score: 0[0m
[aic_engine-6] [INFO] [1778723395.116116886] [aic_engine]: [1;36m        message: Task not completed.[0m
[aic_engine-6] [INFO] [1778723395.116125168] [aic_engine]: [1;36m      insertion force:[0m
[aic_engine-6] [INFO] [1778723395.116132901] [aic_engine]: [1;36m        score: 0[0m
[aic_engine-6] [INFO] [1778723395.116141988] [aic_engine]: [1;36m        message: No excessive force detected[0m
[aic_engine-6] [INFO] [1778723395.116150435] [aic_engine]: [1;36m      trajectory efficiency:[0m
[aic_engine-6] [INFO] [1778723395.116159003] [aic_engine]: [1;36m        score: 0[0m
[aic_engine-6] [INFO] [1778723395.116166922] [aic_engine]: [1;36m        message: Task not completed.[0m
[aic_engine-6] [INFO] [1778723395.116175631] [aic_engine]: [1;36m      trajectory smoothness:[0m
[aic_engine-6] [INFO] [1778723395.116183232] [aic_engine]: [1;36m        score: 0[0m
[aic_engine-6] [INFO] [1778723395.116191778] [aic_engine]: [1;36m        message: Task not completed.[0m
[aic_engine-6] [INFO] [1778723395.116199871] [aic_engine]: [1;36m  tier_3:[0m
[aic_engine-6] [INFO] [1778723395.116208527] [aic_engine]: [1;36m    score: 0[0m
[aic_engine-6] [INFO] [1778723395.116216133] [aic_engine]: [1;36m    message: Task not completed.[0m
[aic_engine-6] [INFO] [1778723395.116469606] [aic_engine]: [1;36mtrial_2:[0m
[aic_engine-6] [INFO] [1778723395.116508758] [aic_engine]: [1;36m  tier_1:[0m
[aic_engine-6] [INFO] [1778723395.116577873] [aic_engine]: [1;36m    score: 1[0m
[aic_engine-6] [INFO] [1778723395.116601144] [aic_engine]: [1;36m    message: Model validation succeeded.[0m
[aic_engine-6] [INFO] [1778723395.116614027] [aic_engine]: [1;36m  tier_2:[0m
[aic_engine-6] [INFO] [1778723395.116623822] [aic_engine]: [1;36m    score: 0[0m
[aic_engine-6] [INFO] [1778723395.116633704] [aic_engine]: [1;36m    message: Scoring succeeded.[0m
[aic_engine-6] [INFO] [1778723395.116643000] [aic_engine]: [1;36m    categories:[0m
[aic_engine-6] [INFO] [1778723395.116652593] [aic_engine]: [1;36m      contacts:[0m
[aic_engine-6] [INFO] [1778723395.116662010] [aic_engine]: [1;36m        score: 0[0m
[aic_engine-6] [INFO] [1778723395.116671811] [aic_engine]: [1;36m        message: No contact detected.[0m
[aic_engine-6] [INFO] [1778723395.116681291] [aic_engine]: [1;36m      duration:[0m
[aic_engine-6] [INFO] [1778723395.116690949] [aic_engine]: [1;36m        score: 0[0m
[aic_engine-6] [INFO] [1778723395.116699872] [aic_engine]: [1;36m        message: Task not completed.[0m
[aic_engine-6] [INFO] [1778723395.116709540] [aic_engine]: [1;36m      insertion force:[0m
[aic_engine-6] [INFO] [1778723395.116718900] [aic_engine]: [1;36m        score: 0[0m
[aic_engine-6] [INFO] [1778723395.116729459] [aic_engine]: [1;36m        message: No excessive force detected[0m
[aic_engine-6] [INFO] [1778723395.116739425] [aic_engine]: [1;36m      trajectory efficiency:[0m
[aic_engine-6] [INFO] [1778723395.116749484] [aic_engine]: [1;36m        score: 0[0m
[aic_engine-6] [INFO] [1778723395.116759211] [aic_engine]: [1;36m        message: Task not completed.[0m
[aic_engine-6] [INFO] [1778723395.116769331] [aic_engine]: [1;36m      trajectory smoothness:[0m
[aic_engine-6] [INFO] [1778723395.116778659] [aic_engine]: [1;36m        score: 0[0m
[aic_engine-6] [INFO] [1778723395.116789659] [aic_engine]: [1;36m        message: Task not completed.[0m
[aic_engine-6] [INFO] [1778723395.116798792] [aic_engine]: [1;36m  tier_3:[0m
[aic_engine-6] [INFO] [1778723395.116809268] [aic_engine]: [1;36m    score: 0[0m
[aic_engine-6] [INFO] [1778723395.116818154] [aic_engine]: [1;36m    message: Task not completed.[0m
[aic_engine-6] [INFO] [1778723395.116829034] [aic_engine]: [1;36mtrial_3:[0m
[aic_engine-6] [INFO] [1778723395.116839464] [aic_engine]: [1;36m  tier_1:[0m
[aic_engine-6] [INFO] [1778723395.116849885] [aic_engine]: [1;36m    score: 1[0m
[aic_engine-6] [INFO] [1778723395.116859669] [aic_engine]: [1;36m    message: Model validation succeeded.[0m
[aic_engine-6] [INFO] [1778723395.116870337] [aic_engine]: [1;36m  tier_2:[0m
[aic_engine-6] [INFO] [1778723395.116880223] [aic_engine]: [1;36m    score: 0[0m
[aic_engine-6] [INFO] [1778723395.116890831] [aic_engine]: [1;36m    message: Scoring succeeded.[0m
[aic_engine-6] [INFO] [1778723395.116900606] [aic_engine]: [1;36m    categories:[0m
[aic_engine-6] [INFO] [1778723395.116910563] [aic_engine]: [1;36m      contacts:[0m
[aic_engine-6] [INFO] [1778723395.116919565] [aic_engine]: [1;36m        score: 0[0m
[aic_engine-6] [INFO] [1778723395.116929423] [aic_engine]: [1;36m        message: No contact detected.[0m
[aic_engine-6] [INFO] [1778723395.116938645] [aic_engine]: [1;36m      duration:[0m
[aic_engine-6] [INFO] [1778723395.116976409] [aic_engine]: [1;36m        score: 0[0m
[aic_engine-6] [INFO] [1778723395.116991708] [aic_engine]: [1;36m        message: Task not completed.[0m
[aic_engine-6] [INFO] [1778723395.117002920] [aic_engine]: [1;36m      insertion force:[0m
[aic_engine-6] [INFO] [1778723395.117012482] [aic_engine]: [1;36m        score: 0[0m
[aic_engine-6] [INFO] [1778723395.117022506] [aic_engine]: [1;36m        message: No excessive force detected[0m
[aic_engine-6] [INFO] [1778723395.117031898] [aic_engine]: [1;36m      trajectory efficiency:[0m
[aic_engine-6] [INFO] [1778723395.117041921] [aic_engine]: [1;36m        score: 0[0m
[aic_engine-6] [INFO] [1778723395.117050559] [aic_engine]: [1;36m        message: Task not completed.[0m
[aic_engine-6] [INFO] [1778723395.117059959] [aic_engine]: [1;36m      trajectory smoothness:[0m
[aic_engine-6] [INFO] [1778723395.117068621] [aic_engine]: [1;36m        score: 0[0m
[aic_engine-6] [INFO] [1778723395.117077922] [aic_engine]: [1;36m        message: Task not completed.[0m
[aic_engine-6] [INFO] [1778723395.117086383] [aic_engine]: [1;36m  tier_3:[0m
[aic_engine-6] [INFO] [1778723395.117096238] [aic_engine]: [1;36m    score: 0[0m
[aic_engine-6] [INFO] [1778723395.117105415] [aic_engine]: [1;36m    message: Task not completed.[0m
[aic_engine-6] [INFO] [1778723395.117278086] [aic_engine]:  
[aic_engine-6] [ERROR] [1778723395.129575679] [rmw_zenoh_cpp]: SubscriberCallback triggered over 0/tf/tf2_msgs::msg::dds_::TFMessage_/RIHS01_e369d0f05a23ae52508854b66f6aa0437f3449d652e8cbf22d5abe85d020f087.
[INFO] [aic_engine-6]: process has finished cleanly [pid 10811]
[INFO] [gz-4]: sending signal 'SIGINT' to process[gz-4]
[INFO] [component_container-3]: sending signal 'SIGINT' to process[component_container-3]
[INFO] [aic_adapter-2]: sending signal 'SIGINT' to process[aic_adapter-2]
[INFO] [robot_state_publisher-1]: sending signal 'SIGINT' to process[robot_state_publisher-1]
[component_container-3] (2026-05-13 18:49:56.169) [debug] [SignalHandler.cc:278] Received signal[2].
[component_container-3] (2026-05-13 18:49:56.169) [debug] [ServerPrivate.cc:127] Server received signal[2]
[component_container-3] (2026-05-13 18:49:56.169) [debug] [Sensors.cc:565] SensorsPrivate::Stop
[robot_state_publisher-1] [INFO] [1778723396.185344140] [rclcpp]: signal_handler(SIGINT/SIGTERM)
[aic_adapter-2] [INFO] [1778723396.189533577] [rclcpp]: signal_handler(SIGINT/SIGTERM)
[INFO] [robot_state_publisher-1]: process has finished cleanly [pid 10806]
[INFO] [aic_adapter-2]: process has finished cleanly [pid 10807]
[component_container-3] (2026-05-13 18:49:56.740) [debug] [CameraSensor.cc:430] Disabling camera sensor: 'ur5e::left_camera/sensor_link::left_camera' data generation. 
[component_container-3] (2026-05-13 18:49:56.740) [debug] [CameraSensor.cc:430] Disabling camera sensor: 'ur5e::right_camera/sensor_link::right_camera' data generation. 
[component_container-3] corrupted size vs. prev_size while consolidating
[gz-4] double free or corruption (!prev)
[ERROR] [gz-4]: process[gz-4] failed to terminate '5' seconds after receiving 'SIGINT', escalating to 'SIGTERM'
[ERROR] [component_container-3]: process[component_container-3] failed to terminate '5' seconds after receiving 'SIGINT', escalating to 'SIGTERM'
[INFO] [gz-4]: sending signal 'SIGTERM' to process[gz-4]
[INFO] [component_container-3]: sending signal 'SIGTERM' to process[component_container-3]
[ERROR] [gz-4]: process[gz-4] failed to terminate '10.0' seconds after receiving 'SIGTERM', escalating to 'SIGKILL'
[ERROR] [component_container-3]: process[component_container-3] failed to terminate '10.0' seconds after receiving 'SIGTERM', escalating to 'SIGKILL'
[INFO] [gz-4]: sending signal 'SIGKILL' to process[gz-4]
[INFO] [component_container-3]: sending signal 'SIGKILL' to process[component_container-3]
[ERROR] [gz-4]: process has died [pid 10809, exit code -9, cmd 'gz sim -g'].
[ERROR] [component_container-3]: process has died [pid 10808, exit code -9, cmd '/opt/ros/kilted/lib/rclcpp_components/component_container --ros-args -r __node:=ros_gz_container -r __ns:=/'].
